"seq","name","term","lev","value","FDR","PValue"
"TRINITY_DN296376_c0_g1","acetyltransferase activity","GO:0016407",5,-8.47427692151389,0.00232425702515497,0.000208770097897603
"TRINITY_DN314167_c0_g1","acid phosphatase activity","GO:0003993",6,6.69734039265856,0.010408223588905,0.00123419000230311
"TRINITY_DN298173_c0_g1","active transmembrane transporter activity","GO:0022804",3,31.8560663969651,2.05742551399417e-12,1.4624672474272e-14
"TRINITY_DN299750_c3_g1","active transmembrane transporter activity","GO:0022804",3,6.03870944783077,0.0181784323683584,0.00238463442376527
"TRINITY_DN312095_c1_g3","active transmembrane transporter activity","GO:0022804",3,-4.7885371868926,0.0484299191922612,0.0083246258514646
"TRINITY_DN231504_c0_g1","acylglycerol O-acyltransferase activity","GO:0016411;GO:0008374",2,5.30078161018427,0.031935813591931,0.00498769395059818
"TRINITY_DN256326_c0_g1","acylglycerol O-acyltransferase activity","GO:0016411;GO:0008374",2,12.4230330363177,6.69719605841597e-05,4.02480926289295e-06
"TRINITY_DN292999_c3_g1","acylglycerol O-acyltransferase activity","GO:0016411;GO:0008374",2,-8.46327536985441,0.00234154580670586,0.000211079573528573
"TRINITY_DN223830_c0_g1","amide binding","GO:0033218",2,-11.1920170870328,0.000205100186901678,1.37837928515505e-05
"TRINITY_DN276063_c0_g1","amide binding","GO:0033218",2,29.0472799769026,1.56439351767718e-11,2.42619996279498e-13
"TRINITY_DN256557_c0_g2","aminopeptidase activity","GO:0004177",2,5.06560245433097,0.0387495732059418,0.00631010820542639
"TRINITY_DN293818_c3_g2","anion transmembrane transporter activity","GO:0008509",2,-8.4326937147411,0.00240516165340554,0.000217634454952849
"TRINITY_DN233686_c0_g1","antioxidant activity","GO:0016209",1,8.65717741925393,0.00199311568628087,0.000173874389433226
"TRINITY_DN234179_c0_g1","antioxidant activity","GO:0016209",1,6.66783643172264,0.0106617800445381,0.00127114598915495
"TRINITY_DN271662_c0_g1","antioxidant activity","GO:0016209",1,-6.35603104032209,0.013778655400383,0.00173624413768962
"TRINITY_DN293818_c2_g1","antioxidant activity","GO:0016209",1,5.55970729782792,0.0263616153061059,0.00384990310770916
"TRINITY_DN293818_c2_g2","antioxidant activity","GO:0016209",1,6.71968035909413,0.0102340536369573,0.00120692393456847
"TRINITY_DN294184_c0_g1","antioxidant activity","GO:0016209",1,7.62992547267019,0.00469760120088928,0.000485697054696145
"TRINITY_DN298831_c0_g1","antioxidant activity","GO:0016209",1,17.227757541773,8.11704886430149e-07,3.29670406826389e-08
"TRINITY_DN311987_c0_g6","antioxidant activity","GO:0016209",1,23.7656547349302,1.65950259749275e-09,4.77207532073843e-11
"TRINITY_DN3463_c0_g1","antioxidant activity","GO:0016209",1,5.82711800654852,0.0215593215706248,0.00294655671223725
"TRINITY_DN311738_c1_g1","aspartic-type endopeptidase activity","GO:0004190;GO:0070001",2,7.92389306178787,0.00369755798169449,0.000361990329064113
"TRINITY_DN314275_c4_g1","aspartic-type endopeptidase activity","GO:0004190;GO:0070001",2,7.42676704314031,0.00559835984597756,0.000595108364887437
"TRINITY_DN316223_c6_g3","aspartic-type endopeptidase activity","GO:0004190;GO:0070001",2,-11.9691776666531,0.000101614464031337,6.33654008337576e-06
"TRINITY_DN316900_c0_g1","aspartic-type endopeptidase activity","GO:0004190;GO:0070001",2,15.14774073977,5.2354719656376e-06,2.63888086151685e-07
"TRINITY_DN316900_c0_g2","aspartic-type endopeptidase activity","GO:0004190;GO:0070001",2,13.9017964237127,1.67008377413963e-05,9.17331959947456e-07
"TRINITY_DN316900_c0_g3","aspartic-type endopeptidase activity","GO:0004190;GO:0070001",2,22.1117911718144,7.76960632868147e-09,2.49442878256053e-10
"TRINITY_DN311986_c0_g1","ATP-dependent peptidase activity","GO:0004176",2,11.508437547225,0.000154672702533678,1.00449800353051e-05
"TRINITY_DN311986_c0_g1","ATPase activity, coupled","GO:0042623;GO:0016887",5,11.508437547225,0.000154672702533678,1.00449800353051e-05
"TRINITY_DN312095_c1_g3","ATPase activity, coupled","GO:0042623;GO:0016887",5,-4.7885371868926,0.0484299191922612,0.0083246258514646
"TRINITY_DN231598_c0_g2","ATPase regulator activity","GO:0060590",4,5.31681096801871,0.0316488366810034,0.00490838177928324
"TRINITY_DN311752_c0_g1","C-acyltransferase activity","GO:0016408",5,-5.50689974174997,0.027367290209588,0.00405867082591305
"TRINITY_DN296771_c4_g2","calcium ion binding","GO:0005509",3,6.03590752051634,0.0181846486637921,0.0023913253654809
"TRINITY_DN312095_c1_g3","calcium ion transmembrane transporter activity","GO:0005388;GO:0015085;GO:0015662;GO:0019829;GO:0042625;GO:0022853;GO:0042626;GO:0015405;GO:0043492;GO:0015399",3,-4.7885371868926,0.0484299191922612,0.0083246258514646
"TRINITY_DN259522_c0_g1","calmodulin-dependent protein kinase activity","GO:0004683",5,5.14974723929837,0.0361241348987295,0.00580087077372167
"TRINITY_DN259522_c1_g1","calmodulin-dependent protein kinase activity","GO:0004683",5,-6.20990216026132,0.0155479960156942,0.00200943405695563
"TRINITY_DN293348_c0_g2","calmodulin-dependent protein kinase activity","GO:0004683",5,31.1226105681196,2.96031643818987e-12,3.04524310007773e-14
"TRINITY_DN311783_c0_g2","calmodulin-dependent protein kinase activity","GO:0004683",5,34.8629032073826,6.09261404805346e-13,7.23158531044022e-16
"TRINITY_DN274808_c0_g1","carbon-nitrogen ligase activity, with glutamine as amido-N-donor","GO:0016884",3,-5.57652014152512,0.0260373159994767,0.00378571638118401
"TRINITY_DN296278_c0_g3","carbon-nitrogen lyase activity","GO:0016840",2,26.7763294890695,9.96610940710982e-11,2.3506493916608e-12
"TRINITY_DN296278_c0_g4","carbon-nitrogen lyase activity","GO:0016840",2,9.5235823409081,0.000927324146349072,7.31072994213808e-05
"TRINITY_DN296278_c0_g5","carbon-nitrogen lyase activity","GO:0016840",2,22.3485009911595,6.4818972216799e-09,1.96865376038097e-10
"TRINITY_DN111591_c0_g1","carbon-oxygen lyase activity","GO:0016836;GO:0016835",2,4.98746634324297,0.0412440762256909,0.00682292957271527
"TRINITY_DN277209_c0_g1","carboxypeptidase activity","GO:0004180",4,6.52362494958439,0.0119469684508099,0.00146833679666253
"TRINITY_DN276554_c0_g1","catalytic activity, acting on DNA","GO:0140097",2,13.8590261361349,1.7328699375429e-05,9.57417639159406e-07
"TRINITY_DN317243_c9_g4","catalytic activity, acting on DNA","GO:0140097",2,16.0666801000309,2.24709866215731e-06,1.05276027790892e-07
"TRINITY_DN223640_c0_g1","catalytic activity, acting on RNA","GO:0140098",2,-5.79696494257243,0.0219567023924577,0.00303675750628274
"TRINITY_DN2119_c1_g1","cation binding","GO:0046872;GO:0043169",3,7.9089080602521,0.003716585245272,0.000367455600986505
"TRINITY_DN255876_c0_g1","cation binding","GO:0046872;GO:0043169",3,33.8660382291265,8.15188158761435e-13,1.95959567909052e-15
"TRINITY_DN255960_c0_g1","cation binding","GO:0046872;GO:0043169",3,5.53407845144291,0.0268830195739531,0.00394984693503924
"TRINITY_DN271000_c0_g1","cation binding","GO:0046872;GO:0043169",3,27.4054994457699,6.15549412018462e-11,1.25297618601496e-12
"TRINITY_DN292383_c0_g1","cation binding","GO:0046872;GO:0043169",3,-11.6118759647408,0.00014158648724534,9.05787543605086e-06
"TRINITY_DN296771_c4_g2","cation binding","GO:0046872;GO:0043169",3,6.03590752051634,0.0181846486637921,0.0023913253654809
"TRINITY_DN298177_c0_g1","cation binding","GO:0046872;GO:0043169",3,-7.27833527429756,0.00643549152303298,0.000690333824118562
"TRINITY_DN311791_c1_g2","cation binding","GO:0046872;GO:0043169",3,5.28295400826101,0.0322653009809359,0.00507740990690222
"TRINITY_DN312093_c0_g7","cation binding","GO:0046872;GO:0043169",3,37.8092082631101,1.17579102156106e-13,3.79900168517306e-17
"TRINITY_DN316974_c2_g2","cation binding","GO:0046872;GO:0043169",3,-11.3269666880409,0.00018183088938222,1.20437261141697e-05
"TRINITY_DN294619_c0_g2","cation channel activity","GO:0005261",2,-7.91311830379642,0.003716585245272,0.000365911775635492
"TRINITY_DN293691_c0_g1","cation transmembrane transporter activity","GO:0022890;GO:0008324;GO:0046873",2,-17.0312315306637,9.70243651900884e-07,4.0126393358098e-08
"TRINITY_DN294619_c0_g2","cation transmembrane transporter activity","GO:0022890;GO:0008324;GO:0046873",2,-7.91311830379642,0.003716585245272,0.000365911775635492
"TRINITY_DN299750_c3_g1","cation transmembrane transporter activity","GO:0022890;GO:0008324;GO:0046873",2,6.03870944783077,0.0181784323683584,0.00238463442376527
"TRINITY_DN312095_c1_g3","cation transmembrane transporter activity","GO:0022890;GO:0008324;GO:0046873",2,-4.7885371868926,0.0484299191922612,0.0083246258514646
"TRINITY_DN277395_c0_g1","channel activity","GO:0005216;GO:0022838;GO:0015267;GO:0022803",4,-6.49276792160809,0.0122694193379942,0.00151435159519024
"TRINITY_DN294619_c0_g2","channel activity","GO:0005216;GO:0022838;GO:0015267;GO:0022803",4,-7.91311830379642,0.003716585245272,0.000365911775635492
"TRINITY_DN312713_c2_g1","channel activity","GO:0005216;GO:0022838;GO:0015267;GO:0022803",4,10.3901874098524,0.000417181218558328,3.0732574420452e-05
"TRINITY_DN2119_c1_g1","copper ion binding","GO:0005507",6,7.9089080602521,0.003716585245272,0.000367455600986505
"TRINITY_DN316974_c2_g2","copper ion binding","GO:0005507",6,-11.3269666880409,0.00018183088938222,1.20437261141697e-05
"TRINITY_DN299758_c1_g1","cyclin-dependent protein serine/threonine kinase activity","GO:0004693;GO:0097472",5,5.85021775413057,0.0212681317430355,0.00287927211642387
"TRINITY_DN299758_c1_g2","cyclin-dependent protein serine/threonine kinase activity","GO:0004693;GO:0097472",5,-15.2206376195961,4.8988035731989e-06,2.45335881694937e-07
"TRINITY_DN292961_c0_g1","cysteine-type peptidase activity","GO:0008234",5,-11.3820327054759,0.000172932447914968,1.13984553714551e-05
"TRINITY_DN314831_c1_g1","cysteine-type peptidase activity","GO:0008234",5,31.1175322308316,2.96031643818987e-12,3.0607472058829e-14
"TRINITY_DN254239_c0_g1","cytoskeletal protein binding","GO:0003779;GO:0008092",3,30.0834739196235,7.01116740695882e-12,8.60821846411745e-14
"TRINITY_DN278965_c0_g1","dioxygenase activity","GO:0051213",2,6.46807449766107,0.0125433290851815,0.00155221164446673
"TRINITY_DN298417_c1_g1","dioxygenase activity","GO:0051213",2,4.8638736465291,0.0455142996671233,0.00772051932964127
"TRINITY_DN104822_c0_g1","DNA binding","GO:0003677",2,4.78491185671413,0.0485146193888783,0.00835486014031411
"TRINITY_DN25194_c0_g1","DNA binding","GO:0003677",2,-4.91779196363689,0.0439626143905786,0.00731526539940161
"TRINITY_DN271688_c0_g1","DNA binding","GO:0003677",2,-5.37797193788734,0.0302757644893926,0.00461717636154872
"TRINITY_DN276081_c0_g1","DNA binding","GO:0003677",2,5.29333405298537,0.032000636307614,0.00502497875460433
"TRINITY_DN276081_c0_g2","DNA binding","GO:0003677",2,5.29438355317162,0.032000636307614,0.00501970780488066
"TRINITY_DN276935_c0_g1","DNA binding","GO:0003677",2,6.86731030036844,0.00905264909791888,0.00104127401578647
"TRINITY_DN276943_c0_g1","DNA binding","GO:0003677",2,6.37594883877945,0.013541652173315,0.00170200410191261
"TRINITY_DN276983_c0_g1","DNA binding","GO:0003677",2,-15.8886186476136,2.61297335533685e-06,1.25794193843357e-07
"TRINITY_DN278966_c0_g1","DNA binding","GO:0003677",2,-4.88725512934422,0.0450603450567481,0.0075420961671599
"TRINITY_DN278966_c0_g2","DNA binding","GO:0003677",2,-4.82609061806176,0.0469983061797919,0.00801780473761878
"TRINITY_DN292378_c0_g2","DNA binding","GO:0003677",2,-20.9957999553813,2.18211097749746e-08,7.61447449336755e-10
"TRINITY_DN292387_c4_g1","DNA binding","GO:0003677",2,9.33144742186829,0.001110113992064,8.85939114829749e-05
"TRINITY_DN293494_c0_g1","DNA binding","GO:0003677",2,27.3187975136268,6.60647908974544e-11,1.36646020251848e-12
"TRINITY_DN294650_c0_g4","DNA binding","GO:0003677",2,14.0307956448902,1.47664746257425e-05,8.06311538530043e-07
"TRINITY_DN296758_c2_g5","DNA binding","GO:0003677",2,16.6217515062381,1.38545341069341e-06,6.04317319688565e-08
"TRINITY_DN298472_c6_g3","DNA binding","GO:0003677",2,-6.81888703341505,0.00944871207903764,0.00109293664759143
"TRINITY_DN298834_c0_g2","DNA binding","GO:0003677",2,28.1822096640491,3.30284922489725e-11,5.76264485119391e-13
"TRINITY_DN299750_c3_g3","DNA binding","GO:0003677",2,-9.12424448759437,0.00132806063578418,0.000108991082872111
"TRINITY_DN311791_c2_g1","DNA binding","GO:0003677",2,-5.68032308500912,0.02378727601884,0.00341245575197575
"TRINITY_DN314173_c1_g1","DNA binding","GO:0003677",2,-10.9229487206864,0.00025729098168201,1.80394646284317e-05
"TRINITY_DN314234_c0_g5","DNA binding","GO:0003677",2,32.1322198387052,1.90575791791826e-12,1.10956879093385e-14
"TRINITY_DN316210_c2_g1","DNA binding","GO:0003677",2,-10.8432464306802,0.000274837431876138,1.95361017811795e-05
"TRINITY_DN316260_c0_g1","DNA binding","GO:0003677",2,23.9249502625423,1.44766315750322e-09,4.06936008732731e-11
"TRINITY_DN316260_c0_g3","DNA binding","GO:0003677",2,8.36020798421208,0.00250593969459354,0.000233995661304534
"TRINITY_DN316973_c2_g1","DNA binding","GO:0003677",2,6.61306365971301,0.0111345269361167,0.00134271222825633
"TRINITY_DN276983_c0_g1","double-stranded DNA binding","GO:0003690",3,-15.8886186476136,2.61297335533685e-06,1.25794193843357e-07
"TRINITY_DN293494_c0_g1","double-stranded DNA binding","GO:0003690",3,27.3187975136268,6.60647908974544e-11,1.36646020251848e-12
"TRINITY_DN314234_c0_g5","double-stranded DNA binding","GO:0003690",3,32.1322198387052,1.90575791791826e-12,1.10956879093385e-14
"TRINITY_DN293818_c3_g2","drug transmembrane transporter activity","GO:0015238;GO:0008514",3,-8.4326937147411,0.00240516165340554,0.000217634454952849
"TRINITY_DN298602_c0_g1","electron transfer activity","GO:0009055",2,28.4037063556738,2.6975303607523e-11,4.61771435005227e-13
"TRINITY_DN311070_c0_g3","electron transfer activity","GO:0009055",2,-17.5647009054475,6.0203619676682e-07,2.35367947685897e-08
"TRINITY_DN294142_c0_g1","endopeptidase activity","GO:0004175",5,-4.88366939047996,0.0450603450567481,0.00756918869884784
"TRINITY_DN298447_c1_g1","endopeptidase activity","GO:0004175",5,-11.994958757927,9.9543985631305e-05,6.17526502139275e-06
"TRINITY_DN299202_c0_g2","endopeptidase activity","GO:0004175",5,-5.15484450772843,0.0360129296042038,0.00577137740991441
"TRINITY_DN311738_c1_g1","endopeptidase activity","GO:0004175",5,7.92389306178787,0.00369755798169449,0.000361990329064113
"TRINITY_DN314160_c4_g1","endopeptidase activity","GO:0004175",5,-9.66961148472259,0.000807953520072463,6.31743947843412e-05
"TRINITY_DN314168_c2_g5","endopeptidase activity","GO:0004175",5,26.9237929065273,8.71913627959463e-11,2.02836126698163e-12
"TRINITY_DN314275_c4_g1","endopeptidase activity","GO:0004175",5,7.42676704314031,0.00559835984597756,0.000595108364887437
"TRINITY_DN316223_c6_g3","endopeptidase activity","GO:0004175",5,-11.9691776666531,0.000101614464031337,6.33654008337576e-06
"TRINITY_DN316900_c0_g1","endopeptidase activity","GO:0004175",5,15.14774073977,5.2354719656376e-06,2.63888086151685e-07
"TRINITY_DN316900_c0_g2","endopeptidase activity","GO:0004175",5,13.9017964237127,1.67008377413963e-05,9.17331959947456e-07
"TRINITY_DN316900_c0_g3","endopeptidase activity","GO:0004175",5,22.1117911718144,7.76960632868147e-09,2.49442878256053e-10
"TRINITY_DN252876_c0_g1","enzyme inhibitor activity","GO:0004857",3,16.0193352288872,2.3399086554787e-06,1.10380182132436e-07
"TRINITY_DN254084_c0_g1","enzyme inhibitor activity","GO:0004857",3,15.7299359393741,3.04190057621398e-06,1.47426522272083e-07
"TRINITY_DN256557_c0_g2","exopeptidase activity","GO:0008238",2,5.06560245433097,0.0387495732059418,0.00631010820542639
"TRINITY_DN277209_c0_g1","exopeptidase activity","GO:0008238",2,6.52362494958439,0.0119469684508099,0.00146833679666253
"TRINITY_DN314626_c2_g5","fatty acid synthase activity","GO:0004316;GO:0004312",5,-6.6083216227316,0.0111345269361167,0.00134909453991721
"TRINITY_DN277395_c0_g1","gated channel activity","GO:0022839;GO:0022836",5,-6.49276792160809,0.0122694193379942,0.00151435159519024
"TRINITY_DN294619_c0_g2","gated channel activity","GO:0022839;GO:0022836",5,-7.91311830379642,0.003716585245272,0.000365911775635492
"TRINITY_DN312713_c2_g1","gated channel activity","GO:0022839;GO:0022836",5,10.3901874098524,0.000417181218558328,3.0732574420452e-05
"TRINITY_DN293493_c3_g1","glutathione transferase activity","GO:0004364",2,8.88502970853892,0.0016354602313458,0.000138446068049305
"TRINITY_DN293493_c3_g4","glutathione transferase activity","GO:0004364",2,5.01351417402669,0.0404204673204776,0.00664750173380391
"TRINITY_DN226183_c0_g1","glycine hydroxymethyltransferase activity","GO:0004372;GO:0016742",5,28.8437249281204,1.83668953395763e-11,2.97392099009046e-13
"TRINITY_DN276022_c0_g1","glycine hydroxymethyltransferase activity","GO:0004372;GO:0016742",5,22.25570313725,7.03733110025859e-09,2.16008547503899e-10
"TRINITY_DN292335_c2_g3","GTPase activity","GO:0003924",2,5.71323418995579,0.0233324562588561,0.00330197603921776
"TRINITY_DN310027_c1_g1","GTPase activity","GO:0003924",2,31.3689045953193,2.63123994102473e-12,2.38044324228408e-14
"TRINITY_DN311476_c1_g3","GTPase activity","GO:0003924",2,7.17413067891768,0.00703631682382767,0.00076615146030046
"TRINITY_DN311789_c4_g1","GTPase activity","GO:0003924",2,7.07522495265214,0.00760976167528687,0.000845802266978572
"TRINITY_DN314831_c0_g1","GTPase activity","GO:0003924",2,9.44344494608012,0.0009965280233867,7.92070739105422e-05
"TRINITY_DN3495_c0_g1","GTPase activity","GO:0003924",2,17.2253902813694,8.11704886430149e-07,3.30451746979641e-08
"TRINITY_DN231598_c0_g2","GTPase regulator activity","GO:0005096;GO:0008047;GO:0030695",4,5.31681096801871,0.0316488366810034,0.00490838177928324
"TRINITY_DN298161_c0_g1","GTPase regulator activity","GO:0005096;GO:0008047;GO:0030695",4,-5.70767888521162,0.0233557884319311,0.00332037056867518
"TRINITY_DN312003_c1_g6","GTPase regulator activity","GO:0005096;GO:0008047;GO:0030695",4,18.5742971032816,2.24938559115897e-07,8.57600968519413e-09
"TRINITY_DN227360_c0_g2","hydrolase activity, acting on acid anhydrides, in phosphorus-containing anhydrides","GO:0017111;GO:0016462;GO:0016818;GO:0016817",4,5.30133714006937,0.031935813591931,0.00498492390704313
"TRINITY_DN276974_c0_g1","hydrolase activity, acting on acid anhydrides, in phosphorus-containing anhydrides","GO:0017111;GO:0016462;GO:0016818;GO:0016817",4,16.9953681718209,9.82640687663739e-07,4.15915767637964e-08
"TRINITY_DN292335_c2_g3","hydrolase activity, acting on acid anhydrides, in phosphorus-containing anhydrides","GO:0017111;GO:0016462;GO:0016818;GO:0016817",4,5.71323418995579,0.0233324562588561,0.00330197603921776
"TRINITY_DN310027_c1_g1","hydrolase activity, acting on acid anhydrides, in phosphorus-containing anhydrides","GO:0017111;GO:0016462;GO:0016818;GO:0016817",4,31.3689045953193,2.63123994102473e-12,2.38044324228408e-14
"TRINITY_DN311476_c1_g3","hydrolase activity, acting on acid anhydrides, in phosphorus-containing anhydrides","GO:0017111;GO:0016462;GO:0016818;GO:0016817",4,7.17413067891768,0.00703631682382767,0.00076615146030046
"TRINITY_DN311484_c1_g1","hydrolase activity, acting on acid anhydrides, in phosphorus-containing anhydrides","GO:0017111;GO:0016462;GO:0016818;GO:0016817",4,16.6758399870042,1.33224385256275e-06,5.72498973799177e-08
"TRINITY_DN311789_c4_g1","hydrolase activity, acting on acid anhydrides, in phosphorus-containing anhydrides","GO:0017111;GO:0016462;GO:0016818;GO:0016817",4,7.07522495265214,0.00760976167528687,0.000845802266978572
"TRINITY_DN311986_c0_g1","hydrolase activity, acting on acid anhydrides, in phosphorus-containing anhydrides","GO:0017111;GO:0016462;GO:0016818;GO:0016817",4,11.508437547225,0.000154672702533678,1.00449800353051e-05
"TRINITY_DN312095_c1_g3","hydrolase activity, acting on acid anhydrides, in phosphorus-containing anhydrides","GO:0017111;GO:0016462;GO:0016818;GO:0016817",4,-4.7885371868926,0.0484299191922612,0.0083246258514646
"TRINITY_DN312737_c2_g5","hydrolase activity, acting on acid anhydrides, in phosphorus-containing anhydrides","GO:0017111;GO:0016462;GO:0016818;GO:0016817",4,6.91627450139918,0.00869980065277489,0.000991516963327211
"TRINITY_DN312799_c0_g2","hydrolase activity, acting on acid anhydrides, in phosphorus-containing anhydrides","GO:0017111;GO:0016462;GO:0016818;GO:0016817",4,-5.12016043966076,0.037059766812963,0.0059750641808299
"TRINITY_DN314831_c0_g1","hydrolase activity, acting on acid anhydrides, in phosphorus-containing anhydrides","GO:0017111;GO:0016462;GO:0016818;GO:0016817",4,9.44344494608012,0.0009965280233867,7.92070739105422e-05
"TRINITY_DN3495_c0_g1","hydrolase activity, acting on acid anhydrides, in phosphorus-containing anhydrides","GO:0017111;GO:0016462;GO:0016818;GO:0016817",4,17.2253902813694,8.11704886430149e-07,3.30451746979641e-08
"TRINITY_DN296757_c3_g1","hydrolase activity, acting on carbon-nitrogen (but not peptide) bonds","GO:0016810",3,-4.753117517667,0.0495243949538105,0.0086247653893712
"TRINITY_DN298165_c0_g2","hydrolase activity, acting on carbon-nitrogen (but not peptide) bonds","GO:0016810",3,-9.8398405798977,0.000704784475686284,5.32858052699808e-05
"TRINITY_DN296757_c3_g1","hydrolase activity, acting on carbon-nitrogen (but not peptide) bonds, in linear amides","GO:0016811",2,-4.753117517667,0.0495243949538105,0.0086247653893712
"TRINITY_DN298165_c0_g2","hydrolase activity, acting on carbon-nitrogen (but not peptide) bonds, in linear amides","GO:0016811",2,-9.8398405798977,0.000704784475686284,5.32858052699808e-05
"TRINITY_DN223640_c0_g1","hydrolase activity, acting on ester bonds","GO:0016788",3,-5.79696494257243,0.0219567023924577,0.00303675750628274
"TRINITY_DN292320_c0_g4","hydrolase activity, acting on ester bonds","GO:0016788",3,31.5122890973909,2.45512742858048e-12,2.06246569121462e-14
"TRINITY_DN293332_c0_g1","hydrolase activity, acting on ester bonds","GO:0016788",3,26.9573160409376,8.55044467248733e-11,1.96149134651567e-12
"TRINITY_DN294652_c0_g3","hydrolase activity, acting on ester bonds","GO:0016788",3,17.0176505810228,9.75886254089781e-07,4.06750651946952e-08
"TRINITY_DN294747_c0_g1","hydrolase activity, acting on ester bonds","GO:0016788",3,-10.9253460549392,0.00025729098168201,1.79962697988854e-05
"TRINITY_DN299750_c3_g2","hydrolase activity, acting on ester bonds","GO:0016788",3,-6.30096354385551,0.0143596831803775,0.00183453626899851
"TRINITY_DN314167_c0_g1","hydrolase activity, acting on ester bonds","GO:0016788",3,6.69734039265856,0.010408223588905,0.00123419000230311
"TRINITY_DN318563_c0_g1","hydrolase activity, acting on ester bonds","GO:0016788",3,27.9463018853476,4.03225443207135e-11,7.29584000633265e-13
"TRINITY_DN276554_c0_g1","hydrolase activity, acting on glycosyl bonds","GO:0004553;GO:0016798",2,13.8590261361349,1.7328699375429e-05,9.57417639159406e-07
"TRINITY_DN310080_c0_g1","hydrolase activity, acting on glycosyl bonds","GO:0004553;GO:0016798",2,-5.17044348600835,0.0355990681126551,0.00568204835142217
"TRINITY_DN310080_c0_g3","hydrolase activity, acting on glycosyl bonds","GO:0004553;GO:0016798",2,5.4034573682663,0.0297027111866531,0.00450099242214549
"TRINITY_DN277395_c0_g1","inorganic molecular entity transmembrane transporter activity","GO:0015318;GO:0015075",3,-6.49276792160809,0.0122694193379942,0.00151435159519024
"TRINITY_DN293691_c0_g1","inorganic molecular entity transmembrane transporter activity","GO:0015318;GO:0015075",3,-17.0312315306637,9.70243651900884e-07,4.0126393358098e-08
"TRINITY_DN293818_c3_g2","inorganic molecular entity transmembrane transporter activity","GO:0015318;GO:0015075",3,-8.4326937147411,0.00240516165340554,0.000217634454952849
"TRINITY_DN294619_c0_g2","inorganic molecular entity transmembrane transporter activity","GO:0015318;GO:0015075",3,-7.91311830379642,0.003716585245272,0.000365911775635492
"TRINITY_DN298173_c0_g1","inorganic molecular entity transmembrane transporter activity","GO:0015318;GO:0015075",3,31.8560663969651,2.05742551399417e-12,1.4624672474272e-14
"TRINITY_DN299750_c3_g1","inorganic molecular entity transmembrane transporter activity","GO:0015318;GO:0015075",3,6.03870944783077,0.0181784323683584,0.00238463442376527
"TRINITY_DN312095_c1_g3","inorganic molecular entity transmembrane transporter activity","GO:0015318;GO:0015075",3,-4.7885371868926,0.0484299191922612,0.0083246258514646
"TRINITY_DN312713_c2_g1","inorganic molecular entity transmembrane transporter activity","GO:0015318;GO:0015075",3,10.3901874098524,0.000417181218558328,3.0732574420452e-05
"TRINITY_DN298173_c0_g1","inorganic phosphate transmembrane transporter activity","GO:0005315",4,31.8560663969651,2.05742551399417e-12,1.4624672474272e-14
"TRINITY_DN151705_c0_g1","intramolecular oxidoreductase activity","GO:0016860",2,5.68538191429798,0.02378727601884,0.00339523631269556
"TRINITY_DN151705_c0_g1","intramolecular oxidoreductase activity, transposing S-S bonds","GO:0003756;GO:0016864",4,5.68538191429798,0.02378727601884,0.00339523631269556
"TRINITY_DN151705_c0_g1","isomerase activity","GO:0016853",2,5.68538191429798,0.02378727601884,0.00339523631269556
"TRINITY_DN271265_c0_g1","ligase activity","GO:0016874",2,28.88335413959,1.805440796129e-11,2.85837153506691e-13
"TRINITY_DN274808_c0_g1","ligase activity","GO:0016874",2,-5.57652014152512,0.0260373159994767,0.00378571638118401
"TRINITY_DN278387_c0_g1","ligase activity","GO:0016874",2,-12.715214481338,5.110245681719e-05,3.00505561897531e-06
"TRINITY_DN311486_c4_g1","ligase activity","GO:0016874",2,-5.84209287949894,0.0213397760388549,0.00290276113484908
"TRINITY_DN314848_c0_g1","ligase activity","GO:0016874",2,-10.9699723758066,0.000248273568109339,1.72108187324628e-05
"TRINITY_DN271265_c0_g1","ligase activity, forming carbon-carbon bonds","GO:0016421;GO:0016885;GO:0003989",3,28.88335413959,1.805440796129e-11,2.85837153506691e-13
"TRINITY_DN314848_c0_g1","ligase activity, forming carbon-carbon bonds","GO:0016421;GO:0016885;GO:0003989",3,-10.9699723758066,0.000248273568109339,1.72108187324628e-05
"TRINITY_DN274808_c0_g1","ligase activity, forming carbon-nitrogen bonds","GO:0016879",2,-5.57652014152512,0.0260373159994767,0.00378571638118401
"TRINITY_DN278387_c0_g1","ligase activity, forming carbon-sulfur bonds","GO:0016405;GO:0016878;GO:0016877;GO:0003996",4,-12.715214481338,5.110245681719e-05,3.00505561897531e-06
"TRINITY_DN311486_c4_g1","ligase activity, forming carbon-sulfur bonds","GO:0016405;GO:0016878;GO:0016877;GO:0003996",4,-5.84209287949894,0.0213397760388549,0.00290276113484908
"TRINITY_DN311730_c0_g1","lipid transporter activity","GO:0005319",2,7.05866616411403,0.00769209766750203,0.000859924327287788
"TRINITY_DN111591_c0_g1","lyase activity","GO:0016829",2,4.98746634324297,0.0412440762256909,0.00682292957271527
"TRINITY_DN296278_c0_g3","lyase activity","GO:0016829",2,26.7763294890695,9.96610940710982e-11,2.3506493916608e-12
"TRINITY_DN296278_c0_g4","lyase activity","GO:0016829",2,9.5235823409081,0.000927324146349072,7.31072994213808e-05
"TRINITY_DN296278_c0_g5","lyase activity","GO:0016829",2,22.3485009911595,6.4818972216799e-09,1.96865376038097e-10
"TRINITY_DN296783_c0_g1","lyase activity","GO:0016829",2,-8.3807873777866,0.00246341994537583,0.000229229384254682
"TRINITY_DN231504_c0_g1","lysophosphatidic acid acyltransferase activity","GO:0003841;GO:0042171;GO:0071617",3,5.30078161018427,0.031935813591931,0.00498769395059818
"TRINITY_DN256326_c0_g1","lysophosphatidic acid acyltransferase activity","GO:0003841;GO:0042171;GO:0071617",3,12.4230330363177,6.69719605841597e-05,4.02480926289295e-06
"TRINITY_DN255876_c0_g1","magnesium ion binding","GO:0000287",2,33.8660382291265,8.15188158761435e-13,1.95959567909052e-15
"TRINITY_DN255960_c0_g1","magnesium ion binding","GO:0000287",2,5.53407845144291,0.0268830195739531,0.00394984693503924
"TRINITY_DN271000_c0_g1","magnesium ion binding","GO:0000287",2,27.4054994457699,6.15549412018462e-11,1.25297618601496e-12
"TRINITY_DN292383_c0_g1","magnesium ion binding","GO:0000287",2,-11.6118759647408,0.00014158648724534,9.05787543605086e-06
"TRINITY_DN298447_c1_g1","metallopeptidase activity","GO:0004222;GO:0008237",3,-11.994958757927,9.9543985631305e-05,6.17526502139275e-06
"TRINITY_DN314168_c2_g5","metallopeptidase activity","GO:0004222;GO:0008237",3,26.9237929065273,8.71913627959463e-11,2.02836126698163e-12
"TRINITY_DN172940_c0_g1","methyltransferase activity","GO:0008168",3,5.37318456001496,0.0302926946380337,0.00463933352453247
"TRINITY_DN277371_c0_g1","methyltransferase activity","GO:0008168",3,29.4023031306555,1.1445764786152e-11,1.70114759341838e-13
"TRINITY_DN314176_c1_g1","methyltransferase activity","GO:0008168",3,-11.5135177205743,0.000154658375580482,9.99407919744636e-06
"TRINITY_DN227360_c0_g2","microtubule motor activity","GO:0003777",5,5.30133714006937,0.031935813591931,0.00498492390704313
"TRINITY_DN311484_c1_g1","microtubule motor activity","GO:0003777",5,16.6758399870042,1.33224385256275e-06,5.72498973799177e-08
"TRINITY_DN231598_c0_g2","molecular function regulator","GO:0030234;GO:0098772",2,5.31681096801871,0.0316488366810034,0.00490838177928324
"TRINITY_DN252876_c0_g1","molecular function regulator","GO:0030234;GO:0098772",2,16.0193352288872,2.3399086554787e-06,1.10380182132436e-07
"TRINITY_DN254084_c0_g1","molecular function regulator","GO:0030234;GO:0098772",2,15.7299359393741,3.04190057621398e-06,1.47426522272083e-07
"TRINITY_DN298161_c0_g1","molecular function regulator","GO:0030234;GO:0098772",2,-5.70767888521162,0.0233557884319311,0.00332037056867518
"TRINITY_DN311418_c0_g2","molecular function regulator","GO:0030234;GO:0098772",2,24.1745639905438,1.14099163009727e-09,3.17044524033491e-11
"TRINITY_DN312003_c1_g6","molecular function regulator","GO:0030234;GO:0098772",2,18.5742971032816,2.24938559115897e-07,8.57600968519413e-09
"TRINITY_DN277395_c0_g1","molecular transducer activity","GO:0060089",1,-6.49276792160809,0.0122694193379942,0.00151435159519024
"TRINITY_DN299263_c0_g3","molecular transducer activity","GO:0060089",1,13.4206214986528,2.65529446178707e-05,1.48421952145125e-06
"TRINITY_DN299758_c1_g1","molecular transducer activity","GO:0060089",1,5.85021775413057,0.0212681317430355,0.00287927211642387
"TRINITY_DN299758_c1_g2","molecular transducer activity","GO:0060089",1,-15.2206376195961,4.8988035731989e-06,2.45335881694937e-07
"TRINITY_DN310744_c0_g3","molecular transducer activity","GO:0060089",1,27.7705113824792,4.53254956583416e-11,8.69801489331915e-13
"TRINITY_DN312713_c2_g1","molecular transducer activity","GO:0060089",1,10.3901874098524,0.000417181218558328,3.0732574420452e-05
"TRINITY_DN274796_c0_g1","monooxygenase activity","GO:0004497",2,5.37538815443801,0.0302899180999412,0.00462912157068568
"TRINITY_DN276631_c0_g2","monooxygenase activity","GO:0004497",2,25.5989359068848,2.95184846817154e-10,7.62997988541918e-12
"TRINITY_DN311774_c0_g1","monooxygenase activity","GO:0004497",2,27.6540666136377,4.95817996195361e-11,9.77218021580518e-13
"TRINITY_DN294619_c0_g2","monovalent inorganic cation transmembrane transporter activity","GO:0015077",5,-7.91311830379642,0.003716585245272,0.000365911775635492
"TRINITY_DN299750_c3_g1","monovalent inorganic cation transmembrane transporter activity","GO:0015077",5,6.03870944783077,0.0181784323683584,0.00238463442376527
"TRINITY_DN227360_c0_g2","motor activity","GO:0003774",2,5.30133714006937,0.031935813591931,0.00498492390704313
"TRINITY_DN311484_c1_g1","motor activity","GO:0003774",2,16.6758399870042,1.33224385256275e-06,5.72498973799177e-08
"TRINITY_DN312737_c2_g5","motor activity","GO:0003774",2,6.91627450139918,0.00869980065277489,0.000991516963327211
"TRINITY_DN312799_c0_g2","motor activity","GO:0003774",2,-5.12016043966076,0.037059766812963,0.0059750641808299
"TRINITY_DN277394_c0_g1","mRNA binding","GO:0003729",3,11.4848002340501,0.000157588280386937,1.02852447942362e-05
"TRINITY_DN292320_c0_g2","mRNA binding","GO:0003729",3,32.1417697014953,1.90575791791826e-12,1.09902299681544e-14
"TRINITY_DN310768_c2_g1","mRNA binding","GO:0003729",3,-7.23226904282685,0.00669853220353402,0.000722878757990424
"TRINITY_DN546034_c0_g1","mRNA binding","GO:0003729",3,-4.74566306986497,0.0498025533436724,0.00868929848322556
"TRINITY_DN223640_c0_g1","nuclease activity","GO:0004518",2,-5.79696494257243,0.0219567023924577,0.00303675750628274
"TRINITY_DN299042_c0_g1","nucleobase-containing compound kinase activity","GO:0019205",5,-5.73327832340147,0.0230271535706883,0.00323644969410321
"TRINITY_DN293818_c3_g2","nucleobase-containing compound transmembrane transporter activity","GO:0015932;GO:1901505",3,-8.4326937147411,0.00240516165340554,0.000217634454952849
"TRINITY_DN256219_c0_g2","nucleoside binding","GO:0005525;GO:0032550;GO:0032561;GO:0001883;GO:0032549;GO:0001882;GO:0019001",3,19.8099756060968,6.70810297295072e-08,2.49250998994938e-09
"TRINITY_DN298167_c1_g1","nucleoside binding","GO:0005525;GO:0032550;GO:0032561;GO:0001883;GO:0032549;GO:0001882;GO:0019001",3,-7.90984946416151,0.003716585245272,0.000367109839623286
"TRINITY_DN310742_c0_g4","nucleoside binding","GO:0005525;GO:0032550;GO:0032561;GO:0001883;GO:0032549;GO:0001882;GO:0019001",3,-4.99204664223991,0.0411359416335568,0.00679174997568579
"TRINITY_DN312716_c1_g1","nucleoside binding","GO:0005525;GO:0032550;GO:0032561;GO:0001883;GO:0032549;GO:0001882;GO:0019001",3,8.38196289712842,0.00246341994537583,0.00022896007899756
"TRINITY_DN299042_c0_g1","nucleoside monophosphate kinase activity","GO:0050145",2,-5.73327832340147,0.0230271535706883,0.00323644969410321
"TRINITY_DN231598_c0_g2","nucleoside-triphosphatase regulator activity","GO:0060589",2,5.31681096801871,0.0316488366810034,0.00490838177928324
"TRINITY_DN298161_c0_g1","nucleoside-triphosphatase regulator activity","GO:0060589",2,-5.70767888521162,0.0233557884319311,0.00332037056867518
"TRINITY_DN312003_c1_g6","nucleoside-triphosphatase regulator activity","GO:0060589",2,18.5742971032816,2.24938559115897e-07,8.57600968519413e-09
"TRINITY_DN317243_c9_g4","nucleotidyltransferase activity","GO:0016779",4,16.0666801000309,2.24709866215731e-06,1.05276027790892e-07
"TRINITY_DN175296_c0_g1","oxidoreductase activity","GO:0016491",2,17.3032806936964,7.62991402167105e-07,3.05689608622685e-08
"TRINITY_DN233686_c0_g1","oxidoreductase activity","GO:0016491",2,8.65717741925393,0.00199311568628087,0.000173874389433226
"TRINITY_DN234179_c0_g1","oxidoreductase activity","GO:0016491",2,6.66783643172264,0.0106617800445381,0.00127114598915495
"TRINITY_DN271662_c0_g1","oxidoreductase activity","GO:0016491",2,-6.35603104032209,0.013778655400383,0.00173624413768962
"TRINITY_DN274001_c0_g1","oxidoreductase activity","GO:0016491",2,22.6441740802696,4.92757196519322e-09,1.46473867786034e-10
"TRINITY_DN274796_c0_g1","oxidoreductase activity","GO:0016491",2,5.37538815443801,0.0302899180999412,0.00462912157068568
"TRINITY_DN274823_c0_g1","oxidoreductase activity","GO:0016491",2,30.9654123199354,3.34225062421301e-12,3.56362748300579e-14
"TRINITY_DN274831_c0_g1","oxidoreductase activity","GO:0016491",2,6.15068439985579,0.0164144488702507,0.00213202211497279
"TRINITY_DN276025_c0_g1","oxidoreductase activity","GO:0016491",2,31.5488693745252,2.45512742858048e-12,1.98838336144278e-14
"TRINITY_DN276264_c0_g3","oxidoreductase activity","GO:0016491",2,34.0601601687074,8.15188158761435e-13,1.61383966732196e-15
"TRINITY_DN276631_c0_g2","oxidoreductase activity","GO:0016491",2,25.5989359068848,2.95184846817154e-10,7.62997988541918e-12
"TRINITY_DN278965_c0_g1","oxidoreductase activity","GO:0016491",2,6.46807449766107,0.0125433290851815,0.00155221164446673
"TRINITY_DN293350_c0_g1","oxidoreductase activity","GO:0016491",2,27.3035410903937,6.60647908974544e-11,1.38746733710324e-12
"TRINITY_DN293818_c2_g1","oxidoreductase activity","GO:0016491",2,5.55970729782792,0.0263616153061059,0.00384990310770916
"TRINITY_DN293818_c2_g2","oxidoreductase activity","GO:0016491",2,6.71968035909413,0.0102340536369573,0.00120692393456847
"TRINITY_DN294184_c0_g1","oxidoreductase activity","GO:0016491",2,7.62992547267019,0.00469760120088928,0.000485697054696145
"TRINITY_DN298417_c1_g1","oxidoreductase activity","GO:0016491",2,4.8638736465291,0.0455142996671233,0.00772051932964127
"TRINITY_DN298602_c0_g1","oxidoreductase activity","GO:0016491",2,28.4037063556738,2.6975303607523e-11,4.61771435005227e-13
"TRINITY_DN298605_c1_g1","oxidoreductase activity","GO:0016491",2,6.17962708711493,0.0159859458151533,0.00207120008784377
"TRINITY_DN298831_c0_g1","oxidoreductase activity","GO:0016491",2,17.227757541773,8.11704886430149e-07,3.29670406826389e-08
"TRINITY_DN310082_c1_g1","oxidoreductase activity","GO:0016491",2,5.48714303583836,0.0277320986179543,0.00413965413941676
"TRINITY_DN310742_c1_g1","oxidoreductase activity","GO:0016491",2,19.8852698893066,6.27614282141378e-08,2.3117295044949e-09
"TRINITY_DN311070_c0_g2","oxidoreductase activity","GO:0016491",2,-8.64424101664757,0.00201161649771802,0.000176138310462547
"TRINITY_DN311070_c0_g3","oxidoreductase activity","GO:0016491",2,-17.5647009054475,6.0203619676682e-07,2.35367947685897e-08
"TRINITY_DN311753_c2_g8","oxidoreductase activity","GO:0016491",2,29.4280304402189,1.14029417579901e-11,1.65793983557206e-13
"TRINITY_DN311774_c0_g1","oxidoreductase activity","GO:0016491",2,27.6540666136377,4.95817996195361e-11,9.77218021580518e-13
"TRINITY_DN311987_c0_g6","oxidoreductase activity","GO:0016491",2,23.7656547349302,1.65950259749275e-09,4.77207532073843e-11
"TRINITY_DN314157_c1_g3","oxidoreductase activity","GO:0016491",2,8.04225973395653,0.00332874433649491,0.00032158143993925
"TRINITY_DN3463_c0_g1","oxidoreductase activity","GO:0016491",2,5.82711800654852,0.0215593215706248,0.00294655671223725
"TRINITY_DN311987_c0_g6","oxidoreductase activity, acting on a sulfur group of donors, NAD(P) as acceptor","GO:0015036;GO:0016668;GO:0016667",3,23.7656547349302,1.65950259749275e-09,4.77207532073843e-11
"TRINITY_DN175296_c0_g1","oxidoreductase activity, acting on CH-OH group of donors","GO:0016616;GO:0016614",3,17.3032806936964,7.62991402167105e-07,3.05689608622685e-08
"TRINITY_DN274823_c0_g1","oxidoreductase activity, acting on CH-OH group of donors","GO:0016616;GO:0016614",3,30.9654123199354,3.34225062421301e-12,3.56362748300579e-14
"TRINITY_DN276025_c0_g1","oxidoreductase activity, acting on CH-OH group of donors","GO:0016616;GO:0016614",3,31.5488693745252,2.45512742858048e-12,1.98838336144278e-14
"TRINITY_DN276264_c0_g3","oxidoreductase activity, acting on CH-OH group of donors","GO:0016616;GO:0016614",3,34.0601601687074,8.15188158761435e-13,1.61383966732196e-15
"TRINITY_DN293350_c0_g1","oxidoreductase activity, acting on CH-OH group of donors","GO:0016616;GO:0016614",3,27.3035410903937,6.60647908974544e-11,1.38746733710324e-12
"TRINITY_DN311753_c2_g8","oxidoreductase activity, acting on CH-OH group of donors","GO:0016616;GO:0016614",3,29.4280304402189,1.14029417579901e-11,1.65793983557206e-13
"TRINITY_DN311987_c0_g6","oxidoreductase activity, acting on NAD(P)H","GO:0016651",2,23.7656547349302,1.65950259749275e-09,4.77207532073843e-11
"TRINITY_DN278965_c0_g1","oxidoreductase activity, acting on paired donors, with incorporation or reduction of molecular oxygen","GO:0016705",2,6.46807449766107,0.0125433290851815,0.00155221164446673
"TRINITY_DN298417_c1_g1","oxidoreductase activity, acting on paired donors, with incorporation or reduction of molecular oxygen","GO:0016705",2,4.8638736465291,0.0455142996671233,0.00772051932964127
"TRINITY_DN311070_c0_g2","oxidoreductase activity, acting on paired donors, with incorporation or reduction of molecular oxygen","GO:0016705",2,-8.64424101664757,0.00201161649771802,0.000176138310462547
"TRINITY_DN233686_c0_g1","oxidoreductase activity, acting on peroxide as acceptor","GO:0004601;GO:0016684",3,8.65717741925393,0.00199311568628087,0.000173874389433226
"TRINITY_DN234179_c0_g1","oxidoreductase activity, acting on peroxide as acceptor","GO:0004601;GO:0016684",3,6.66783643172264,0.0106617800445381,0.00127114598915495
"TRINITY_DN271662_c0_g1","oxidoreductase activity, acting on peroxide as acceptor","GO:0004601;GO:0016684",3,-6.35603104032209,0.013778655400383,0.00173624413768962
"TRINITY_DN293818_c2_g1","oxidoreductase activity, acting on peroxide as acceptor","GO:0004601;GO:0016684",3,5.55970729782792,0.0263616153061059,0.00384990310770916
"TRINITY_DN293818_c2_g2","oxidoreductase activity, acting on peroxide as acceptor","GO:0004601;GO:0016684",3,6.71968035909413,0.0102340536369573,0.00120692393456847
"TRINITY_DN294184_c0_g1","oxidoreductase activity, acting on peroxide as acceptor","GO:0004601;GO:0016684",3,7.62992547267019,0.00469760120088928,0.000485697054696145
"TRINITY_DN298831_c0_g1","oxidoreductase activity, acting on peroxide as acceptor","GO:0004601;GO:0016684",3,17.227757541773,8.11704886430149e-07,3.29670406826389e-08
"TRINITY_DN3463_c0_g1","oxidoreductase activity, acting on peroxide as acceptor","GO:0004601;GO:0016684",3,5.82711800654852,0.0215593215706248,0.00294655671223725
"TRINITY_DN274831_c0_g1","oxidoreductase activity, acting on the aldehyde or oxo group of donors","GO:0016620;GO:0016903",2,6.15068439985579,0.0164144488702507,0.00213202211497279
"TRINITY_DN298605_c1_g1","oxidoreductase activity, acting on the CH-CH group of donors","GO:0016627",2,6.17962708711493,0.0159859458151533,0.00207120008784377
"TRINITY_DN310082_c1_g1","oxidoreductase activity, acting on the CH-CH group of donors","GO:0016627",2,5.48714303583836,0.0277320986179543,0.00413965413941676
"TRINITY_DN310742_c1_g1","oxidoreductase activity, acting on the CH-NH group of donors","GO:0016645;GO:0016646",2,19.8852698893066,6.27614282141378e-08,2.3117295044949e-09
"TRINITY_DN256557_c0_g2","peptidase activity","GO:0070011;GO:0008233",2,5.06560245433097,0.0387495732059418,0.00631010820542639
"TRINITY_DN277209_c0_g1","peptidase activity","GO:0070011;GO:0008233",2,6.52362494958439,0.0119469684508099,0.00146833679666253
"TRINITY_DN292961_c0_g1","peptidase activity","GO:0070011;GO:0008233",2,-11.3820327054759,0.000172932447914968,1.13984553714551e-05
"TRINITY_DN294142_c0_g1","peptidase activity","GO:0070011;GO:0008233",2,-4.88366939047996,0.0450603450567481,0.00756918869884784
"TRINITY_DN298447_c1_g1","peptidase activity","GO:0070011;GO:0008233",2,-11.994958757927,9.9543985631305e-05,6.17526502139275e-06
"TRINITY_DN298805_c0_g2","peptidase activity","GO:0070011;GO:0008233",2,16.4910284473247,1.55588477340137e-06,6.88711515205131e-08
"TRINITY_DN299202_c0_g2","peptidase activity","GO:0070011;GO:0008233",2,-5.15484450772843,0.0360129296042038,0.00577137740991441
"TRINITY_DN311738_c1_g1","peptidase activity","GO:0070011;GO:0008233",2,7.92389306178787,0.00369755798169449,0.000361990329064113
"TRINITY_DN311986_c0_g1","peptidase activity","GO:0070011;GO:0008233",2,11.508437547225,0.000154672702533678,1.00449800353051e-05
"TRINITY_DN314160_c4_g1","peptidase activity","GO:0070011;GO:0008233",2,-9.66961148472259,0.000807953520072463,6.31743947843412e-05
"TRINITY_DN314168_c2_g5","peptidase activity","GO:0070011;GO:0008233",2,26.9237929065273,8.71913627959463e-11,2.02836126698163e-12
"TRINITY_DN314275_c4_g1","peptidase activity","GO:0070011;GO:0008233",2,7.42676704314031,0.00559835984597756,0.000595108364887437
"TRINITY_DN314831_c1_g1","peptidase activity","GO:0070011;GO:0008233",2,31.1175322308316,2.96031643818987e-12,3.0607472058829e-14
"TRINITY_DN316223_c6_g3","peptidase activity","GO:0070011;GO:0008233",2,-11.9691776666531,0.000101614464031337,6.33654008337576e-06
"TRINITY_DN316900_c0_g1","peptidase activity","GO:0070011;GO:0008233",2,15.14774073977,5.2354719656376e-06,2.63888086151685e-07
"TRINITY_DN316900_c0_g2","peptidase activity","GO:0070011;GO:0008233",2,13.9017964237127,1.67008377413963e-05,9.17331959947456e-07
"TRINITY_DN316900_c0_g3","peptidase activity","GO:0070011;GO:0008233",2,22.1117911718144,7.76960632868147e-09,2.49442878256053e-10
"TRINITY_DN293332_c0_g1","phosphoprotein phosphatase activity","GO:0004721",2,26.9573160409376,8.55044467248733e-11,1.96149134651567e-12
"TRINITY_DN294747_c0_g1","phosphoprotein phosphatase activity","GO:0004721",2,-10.9253460549392,0.00025729098168201,1.79962697988854e-05
"TRINITY_DN293332_c0_g1","phosphoric ester hydrolase activity","GO:0016791;GO:0042578",2,26.9573160409376,8.55044467248733e-11,1.96149134651567e-12
"TRINITY_DN294747_c0_g1","phosphoric ester hydrolase activity","GO:0016791;GO:0042578",2,-10.9253460549392,0.00025729098168201,1.79962697988854e-05
"TRINITY_DN299750_c3_g2","phosphoric ester hydrolase activity","GO:0016791;GO:0042578",2,-6.30096354385551,0.0143596831803775,0.00183453626899851
"TRINITY_DN314167_c0_g1","phosphoric ester hydrolase activity","GO:0016791;GO:0042578",2,6.69734039265856,0.010408223588905,0.00123419000230311
"TRINITY_DN318563_c0_g1","phosphoric ester hydrolase activity","GO:0016791;GO:0042578",2,27.9463018853476,4.03225443207135e-11,7.29584000633265e-13
"TRINITY_DN295218_c0_g1","phosphotransferase activity, phosphate group as acceptor","GO:0016776",4,22.1103060224855,7.76960632868147e-09,2.49813613409682e-10
"TRINITY_DN299042_c0_g1","phosphotransferase activity, phosphate group as acceptor","GO:0016776",4,-5.73327832340147,0.0230271535706883,0.00323644969410321
"TRINITY_DN254239_c0_g1","protein binding","GO:0005515",2,30.0834739196235,7.01116740695882e-12,8.60821846411745e-14
"TRINITY_DN271641_c0_g3","protein binding","GO:0005515",2,5.80364582444557,0.0219567023924577,0.00301653690902748
"TRINITY_DN311418_c0_g2","protein binding","GO:0005515",2,24.1745639905438,1.14099163009727e-09,3.17044524033491e-11
"TRINITY_DN250557_c0_g1","protein serine/threonine kinase activity","GO:0004674",2,7.7720892264482,0.00416620707315039,0.000421332088496308
"TRINITY_DN259522_c0_g1","protein serine/threonine kinase activity","GO:0004674",2,5.14974723929837,0.0361241348987295,0.00580087077372167
"TRINITY_DN259522_c1_g1","protein serine/threonine kinase activity","GO:0004674",2,-6.20990216026132,0.0155479960156942,0.00200943405695563
"TRINITY_DN276539_c0_g1","protein serine/threonine kinase activity","GO:0004674",2,8.9104042713446,0.00160059235952649,0.000134977255520651
"TRINITY_DN277373_c0_g1","protein serine/threonine kinase activity","GO:0004674",2,5.95946042173044,0.0193441577613497,0.00258130441209609
"TRINITY_DN293348_c0_g2","protein serine/threonine kinase activity","GO:0004674",2,31.1226105681196,2.96031643818987e-12,3.04524310007773e-14
"TRINITY_DN294787_c0_g3","protein serine/threonine kinase activity","GO:0004674",2,-4.9146566168882,0.044015202329418,0.00733823728658471
"TRINITY_DN295071_c1_g1","protein serine/threonine kinase activity","GO:0004674",2,-20.2167421399163,4.54530108355701e-08,1.65951218882695e-09
"TRINITY_DN295269_c0_g4","protein serine/threonine kinase activity","GO:0004674",2,11.2701505807866,0.000191526655760686,1.27478161831022e-05
"TRINITY_DN295269_c0_g5","protein serine/threonine kinase activity","GO:0004674",2,11.937774522853,0.000104315614791107,6.53868473973334e-06
"TRINITY_DN299263_c0_g3","protein serine/threonine kinase activity","GO:0004674",2,13.4206214986528,2.65529446178707e-05,1.48421952145125e-06
"TRINITY_DN299758_c1_g1","protein serine/threonine kinase activity","GO:0004674",2,5.85021775413057,0.0212681317430355,0.00287927211642387
"TRINITY_DN299758_c1_g2","protein serine/threonine kinase activity","GO:0004674",2,-15.2206376195961,4.8988035731989e-06,2.45335881694937e-07
"TRINITY_DN310742_c1_g3","protein serine/threonine kinase activity","GO:0004674",2,-8.0965671388648,0.00320640880295563,0.000304582936371229
"TRINITY_DN310744_c0_g3","protein serine/threonine kinase activity","GO:0004674",2,27.7705113824792,4.53254956583416e-11,8.69801489331915e-13
"TRINITY_DN311783_c0_g2","protein serine/threonine kinase activity","GO:0004674",2,34.8629032073826,6.09261404805346e-13,7.23158531044022e-16
"TRINITY_DN312745_c1_g6","protein serine/threonine kinase activity","GO:0004674",2,8.94752540963488,0.0015541752091122,0.000130058603928937
"TRINITY_DN314109_c2_g1","protein serine/threonine kinase activity","GO:0004674",2,-5.14289129246335,0.0362996135283729,0.00584077787952495
"TRINITY_DN371660_c0_g1","protein serine/threonine kinase activity","GO:0004674",2,5.05904303911176,0.0389273463916199,0.00635163487165366
"TRINITY_DN553854_c0_g1","protein serine/threonine kinase activity","GO:0004674",2,-5.45697284284631,0.0283971337468474,0.00426645143530987
"TRINITY_DN293332_c0_g1","protein serine/threonine phosphatase activity","GO:0004722",4,26.9573160409376,8.55044467248733e-11,1.96149134651567e-12
"TRINITY_DN293818_c3_g2","purine nucleotide transmembrane transporter activity","GO:0005347;GO:0000295;GO:0005346;GO:0015216;GO:0015215;GO:0015605",5,-8.4326937147411,0.00240516165340554,0.000217634454952849
"TRINITY_DN317243_c9_g4","RNA-directed DNA polymerase activity","GO:0003964;GO:0034061",4,16.0666801000309,2.24709866215731e-06,1.05276027790892e-07
"TRINITY_DN298173_c0_g1","secondary active transmembrane transporter activity","GO:0015291",2,31.8560663969651,2.05742551399417e-12,1.4624672474272e-14
"TRINITY_DN299750_c3_g1","secondary active transmembrane transporter activity","GO:0015291",2,6.03870944783077,0.0181784323683584,0.00238463442376527
"TRINITY_DN294142_c0_g1","serine-type endopeptidase activity","GO:0004252",2,-4.88366939047996,0.0450603450567481,0.00756918869884784
"TRINITY_DN299202_c0_g2","serine-type endopeptidase activity","GO:0004252",2,-5.15484450772843,0.0360129296042038,0.00577137740991441
"TRINITY_DN314160_c4_g1","serine-type endopeptidase activity","GO:0004252",2,-9.66961148472259,0.000807953520072463,6.31743947843412e-05
"TRINITY_DN277209_c0_g1","serine-type peptidase activity","GO:0008236;GO:0017171",4,6.52362494958439,0.0119469684508099,0.00146833679666253
"TRINITY_DN294142_c0_g1","serine-type peptidase activity","GO:0008236;GO:0017171",4,-4.88366939047996,0.0450603450567481,0.00756918869884784
"TRINITY_DN299202_c0_g2","serine-type peptidase activity","GO:0008236;GO:0017171",4,-5.15484450772843,0.0360129296042038,0.00577137740991441
"TRINITY_DN314160_c4_g1","serine-type peptidase activity","GO:0008236;GO:0017171",4,-9.66961148472259,0.000807953520072463,6.31743947843412e-05
"TRINITY_DN271641_c0_g3","SNARE binding","GO:0000149",3,5.80364582444557,0.0219567023924577,0.00301653690902748
"TRINITY_DN252362_c0_g1","structural molecule activity","GO:0003735;GO:0005198",2,-6.65418594268104,0.0107573715464982,0.00128861672430503
"TRINITY_DN255993_c0_g1","structural molecule activity","GO:0003735;GO:0005198",2,7.21306326375494,0.00678778070369908,0.000736896386572825
"TRINITY_DN259162_c0_g1","structural molecule activity","GO:0003735;GO:0005198",2,-5.41791954743541,0.0293387926261297,0.00443636670404804
"TRINITY_DN274735_c0_g1","structural molecule activity","GO:0003735;GO:0005198",2,-15.595343929738,3.43435554050448e-06,1.68666249485196e-07
"TRINITY_DN276418_c0_g1","structural molecule activity","GO:0003735;GO:0005198",2,6.42947241760669,0.0129692699895426,0.00161330175960385
"TRINITY_DN276582_c0_g1","structural molecule activity","GO:0003735;GO:0005198",2,5.43502857132374,0.0289028623974491,0.00436111041667487
"TRINITY_DN278928_c0_g1","structural molecule activity","GO:0003735;GO:0005198",2,6.33661947131113,0.0139414913194636,0.00177027660373156
"TRINITY_DN293383_c0_g1","structural molecule activity","GO:0003735;GO:0005198",2,8.52703195283774,0.00222887152234353,0.000198041896169458
"TRINITY_DN294189_c0_g1","structural molecule activity","GO:0003735;GO:0005198",2,7.53776981182382,0.00507183898082019,0.000532584060990811
"TRINITY_DN294772_c2_g5","structural molecule activity","GO:0003735;GO:0005198",2,7.3517074414513,0.00599827931504342,0.000641496107683158
"TRINITY_DN294775_c0_g2","structural molecule activity","GO:0003735;GO:0005198",2,6.73547534628575,0.0101013517363914,0.00118801034961113
"TRINITY_DN295075_c3_g1","structural molecule activity","GO:0003735;GO:0005198",2,7.86494803258751,0.00384590580280239,0.000383969270780594
"TRINITY_DN296759_c4_g1","structural molecule activity","GO:0003735;GO:0005198",2,8.34623869269758,0.002523726311151,0.00023728735268011
"TRINITY_DN299270_c7_g1","structural molecule activity","GO:0003735;GO:0005198",2,-8.9914545443755,0.00149314455365372,0.000124468915942701
"TRINITY_DN299653_c1_g2","structural molecule activity","GO:0003735;GO:0005198",2,8.8185418392187,0.00173465322262479,0.000147963958246509
"TRINITY_DN310743_c0_g1","structural molecule activity","GO:0003735;GO:0005198",2,6.42121411609119,0.0130281132610342,0.00162668005694402
"TRINITY_DN316904_c8_g6","structural molecule activity","GO:0003735;GO:0005198",2,4.83397222159431,0.0467178208172232,0.00795485995821538
"TRINITY_DN524499_c0_g1","structural molecule activity","GO:0003735;GO:0005198",2,-6.97149078880477,0.00832061152800036,0.000938253125451414
"TRINITY_DN298605_c1_g1","succinate dehydrogenase activity","GO:0000104",3,6.17962708711493,0.0159859458151533,0.00207120008784377
"TRINITY_DN292961_c0_g1","thiol-dependent ubiquitinyl hydrolase activity","GO:0004843;GO:0036459;GO:0019783;GO:0101005",3,-11.3820327054759,0.000172932447914968,1.13984553714551e-05
"TRINITY_DN314831_c1_g1","thiol-dependent ubiquitinyl hydrolase activity","GO:0004843;GO:0036459;GO:0019783;GO:0101005",3,31.1175322308316,2.96031643818987e-12,3.0607472058829e-14
"TRINITY_DN278923_c1_g1","transcription regulator activity","GO:0003700;GO:0140110",2,9.73125710269253,0.000769186212016895,5.93975782462158e-05
"TRINITY_DN292979_c1_g2","transcription regulator activity","GO:0003700;GO:0140110",2,-10.9906590752108,0.000244961854416279,1.68584410309103e-05
"TRINITY_DN293450_c1_g1","transcription regulator activity","GO:0003700;GO:0140110",2,-8.39617892080467,0.00245944172435139,0.00022572820373
"TRINITY_DN298447_c0_g1","transcription regulator activity","GO:0003700;GO:0140110",2,-7.85156895643244,0.00388513297172143,0.000389140943855781
"TRINITY_DN299255_c0_g1","transcription regulator activity","GO:0003700;GO:0140110",2,-14.5746957461347,8.99756182197e-06,4.68047642435273e-07
"TRINITY_DN299276_c0_g5","transcription regulator activity","GO:0003700;GO:0140110",2,5.3435290429784,0.03107338195116,0.00477897570557421
"TRINITY_DN299658_c5_g1","transcription regulator activity","GO:0003700;GO:0140110",2,-16.2771749224697,1.91290902944418e-06,8.52928743338602e-08
"TRINITY_DN311419_c1_g1","transcription regulator activity","GO:0003700;GO:0140110",2,15.3688557664698,4.25138738927239e-06,2.11539146348287e-07
"TRINITY_DN311475_c2_g1","transcription regulator activity","GO:0003700;GO:0140110",2,-4.85666559185442,0.0457563993987875,0.00777637030170024
"TRINITY_DN312707_c1_g1","transcription regulator activity","GO:0003700;GO:0140110",2,31.921084667326,2.05114219571111e-12,1.37040543578849e-14
"TRINITY_DN231504_c0_g1","transferase activity, transferring acyl groups","GO:0016747;GO:0016746",4,5.30078161018427,0.031935813591931,0.00498769395059818
"TRINITY_DN256326_c0_g1","transferase activity, transferring acyl groups","GO:0016747;GO:0016746",4,12.4230330363177,6.69719605841597e-05,4.02480926289295e-06
"TRINITY_DN292999_c3_g1","transferase activity, transferring acyl groups","GO:0016747;GO:0016746",4,-8.46327536985441,0.00234154580670586,0.000211079573528573
"TRINITY_DN296376_c0_g1","transferase activity, transferring acyl groups","GO:0016747;GO:0016746",4,-8.47427692151389,0.00232425702515497,0.000208770097897603
"TRINITY_DN311478_c1_g1","transferase activity, transferring acyl groups","GO:0016747;GO:0016746",4,11.1112875359971,0.000219183235904165,1.49427020277153e-05
"TRINITY_DN311752_c0_g1","transferase activity, transferring acyl groups","GO:0016747;GO:0016746",4,-5.50689974174997,0.027367290209588,0.00405867082591305
"TRINITY_DN314626_c2_g5","transferase activity, transferring acyl groups","GO:0016747;GO:0016746",4,-6.6083216227316,0.0111345269361167,0.00134909453991721
"TRINITY_DN293493_c3_g1","transferase activity, transferring alkyl or aryl (other than methyl) groups","GO:0016765",3,8.88502970853892,0.0016354602313458,0.000138446068049305
"TRINITY_DN293493_c3_g4","transferase activity, transferring alkyl or aryl (other than methyl) groups","GO:0016765",3,5.01351417402669,0.0404204673204776,0.00664750173380391
"TRINITY_DN293682_c3_g2","transferase activity, transferring alkyl or aryl (other than methyl) groups","GO:0016765",3,26.370532593264,1.4752042113639e-10,3.52714415641126e-12
"TRINITY_DN295083_c1_g3","transferase activity, transferring alkyl or aryl (other than methyl) groups","GO:0016765",3,16.0669883870359,2.24709866215731e-06,1.0524357756184e-07
"TRINITY_DN312752_c3_g1","transferase activity, transferring alkyl or aryl (other than methyl) groups","GO:0016765",3,33.4013612718826,1.07248507091295e-12,3.11869649053848e-15
"TRINITY_DN299726_c0_g1","transferase activity, transferring glycosyl groups","GO:0016757",3,-5.73052190053622,0.0230377533498405,0.00324538302440402
"TRINITY_DN293813_c0_g1","transferase activity, transferring nitrogenous groups","GO:0008483;GO:0016769",3,-5.61606063287913,0.0251958484426975,0.00363894806264484
"TRINITY_DN172940_c0_g1","transferase activity, transferring one-carbon groups","GO:0016741",2,5.37318456001496,0.0302926946380337,0.00463933352453247
"TRINITY_DN226183_c0_g1","transferase activity, transferring one-carbon groups","GO:0016741",2,28.8437249281204,1.83668953395763e-11,2.97392099009046e-13
"TRINITY_DN276022_c0_g1","transferase activity, transferring one-carbon groups","GO:0016741",2,22.25570313725,7.03733110025859e-09,2.16008547503899e-10
"TRINITY_DN277371_c0_g1","transferase activity, transferring one-carbon groups","GO:0016741",2,29.4023031306555,1.1445764786152e-11,1.70114759341838e-13
"TRINITY_DN314176_c1_g1","transferase activity, transferring one-carbon groups","GO:0016741",2,-11.5135177205743,0.000154658375580482,9.99407919744636e-06
"TRINITY_DN299726_c0_g1","transferase activity, transferring pentosyl groups","GO:0016763",2,-5.73052190053622,0.0230377533498405,0.00324538302440402
"TRINITY_DN226664_c0_g1","transferase activity, transferring phosphorus-containing groups","GO:0004672;GO:0016301;GO:0016773;GO:0016772",3,10.7088316321163,0.000311545292547525,2.23467059597902e-05
"TRINITY_DN250557_c0_g1","transferase activity, transferring phosphorus-containing groups","GO:0004672;GO:0016301;GO:0016773;GO:0016772",3,7.7720892264482,0.00416620707315039,0.000421332088496308
"TRINITY_DN255899_c0_g1","transferase activity, transferring phosphorus-containing groups","GO:0004672;GO:0016301;GO:0016773;GO:0016772",3,-6.85571983740224,0.00913253073302978,0.00105341307647549
"TRINITY_DN259522_c0_g1","transferase activity, transferring phosphorus-containing groups","GO:0004672;GO:0016301;GO:0016773;GO:0016772",3,5.14974723929837,0.0361241348987295,0.00580087077372167
"TRINITY_DN259522_c1_g1","transferase activity, transferring phosphorus-containing groups","GO:0004672;GO:0016301;GO:0016773;GO:0016772",3,-6.20990216026132,0.0155479960156942,0.00200943405695563
"TRINITY_DN276539_c0_g1","transferase activity, transferring phosphorus-containing groups","GO:0004672;GO:0016301;GO:0016773;GO:0016772",3,8.9104042713446,0.00160059235952649,0.000134977255520651
"TRINITY_DN277373_c0_g1","transferase activity, transferring phosphorus-containing groups","GO:0004672;GO:0016301;GO:0016773;GO:0016772",3,5.95946042173044,0.0193441577613497,0.00258130441209609
"TRINITY_DN293348_c0_g2","transferase activity, transferring phosphorus-containing groups","GO:0004672;GO:0016301;GO:0016773;GO:0016772",3,31.1226105681196,2.96031643818987e-12,3.04524310007773e-14
"TRINITY_DN294787_c0_g3","transferase activity, transferring phosphorus-containing groups","GO:0004672;GO:0016301;GO:0016773;GO:0016772",3,-4.9146566168882,0.044015202329418,0.00733823728658471
"TRINITY_DN295071_c1_g1","transferase activity, transferring phosphorus-containing groups","GO:0004672;GO:0016301;GO:0016773;GO:0016772",3,-20.2167421399163,4.54530108355701e-08,1.65951218882695e-09
"TRINITY_DN295218_c0_g1","transferase activity, transferring phosphorus-containing groups","GO:0004672;GO:0016301;GO:0016773;GO:0016772",3,22.1103060224855,7.76960632868147e-09,2.49813613409682e-10
"TRINITY_DN295269_c0_g4","transferase activity, transferring phosphorus-containing groups","GO:0004672;GO:0016301;GO:0016773;GO:0016772",3,11.2701505807866,0.000191526655760686,1.27478161831022e-05
"TRINITY_DN295269_c0_g5","transferase activity, transferring phosphorus-containing groups","GO:0004672;GO:0016301;GO:0016773;GO:0016772",3,11.937774522853,0.000104315614791107,6.53868473973334e-06
"TRINITY_DN299032_c0_g1","transferase activity, transferring phosphorus-containing groups","GO:0004672;GO:0016301;GO:0016773;GO:0016772",3,27.0964819481126,7.62515467412782e-11,1.70666157642601e-12
"TRINITY_DN299042_c0_g1","transferase activity, transferring phosphorus-containing groups","GO:0004672;GO:0016301;GO:0016773;GO:0016772",3,-5.73327832340147,0.0230271535706883,0.00323644969410321
"TRINITY_DN299263_c0_g3","transferase activity, transferring phosphorus-containing groups","GO:0004672;GO:0016301;GO:0016773;GO:0016772",3,13.4206214986528,2.65529446178707e-05,1.48421952145125e-06
"TRINITY_DN299758_c1_g1","transferase activity, transferring phosphorus-containing groups","GO:0004672;GO:0016301;GO:0016773;GO:0016772",3,5.85021775413057,0.0212681317430355,0.00287927211642387
"TRINITY_DN299758_c1_g2","transferase activity, transferring phosphorus-containing groups","GO:0004672;GO:0016301;GO:0016773;GO:0016772",3,-15.2206376195961,4.8988035731989e-06,2.45335881694937e-07
"TRINITY_DN310742_c1_g3","transferase activity, transferring phosphorus-containing groups","GO:0004672;GO:0016301;GO:0016773;GO:0016772",3,-8.0965671388648,0.00320640880295563,0.000304582936371229
"TRINITY_DN310744_c0_g3","transferase activity, transferring phosphorus-containing groups","GO:0004672;GO:0016301;GO:0016773;GO:0016772",3,27.7705113824792,4.53254956583416e-11,8.69801489331915e-13
"TRINITY_DN311783_c0_g2","transferase activity, transferring phosphorus-containing groups","GO:0004672;GO:0016301;GO:0016773;GO:0016772",3,34.8629032073826,6.09261404805346e-13,7.23158531044022e-16
"TRINITY_DN312745_c1_g6","transferase activity, transferring phosphorus-containing groups","GO:0004672;GO:0016301;GO:0016773;GO:0016772",3,8.94752540963488,0.0015541752091122,0.000130058603928937
"TRINITY_DN314109_c2_g1","transferase activity, transferring phosphorus-containing groups","GO:0004672;GO:0016301;GO:0016773;GO:0016772",3,-5.14289129246335,0.0362996135283729,0.00584077787952495
"TRINITY_DN317243_c9_g4","transferase activity, transferring phosphorus-containing groups","GO:0004672;GO:0016301;GO:0016773;GO:0016772",3,16.0666801000309,2.24709866215731e-06,1.05276027790892e-07
"TRINITY_DN371660_c0_g1","transferase activity, transferring phosphorus-containing groups","GO:0004672;GO:0016301;GO:0016773;GO:0016772",3,5.05904303911176,0.0389273463916199,0.00635163487165366
"TRINITY_DN553854_c0_g1","transferase activity, transferring phosphorus-containing groups","GO:0004672;GO:0016301;GO:0016773;GO:0016772",3,-5.45697284284631,0.0283971337468474,0.00426645143530987
"TRINITY_DN2119_c1_g1","transition metal ion binding","GO:0046914",5,7.9089080602521,0.003716585245272,0.000367455600986505
"TRINITY_DN298177_c0_g1","transition metal ion binding","GO:0046914",5,-7.27833527429756,0.00643549152303298,0.000690333824118562
"TRINITY_DN311791_c1_g2","transition metal ion binding","GO:0046914",5,5.28295400826101,0.0322653009809359,0.00507740990690222
"TRINITY_DN316974_c2_g2","transition metal ion binding","GO:0046914",5,-11.3269666880409,0.00018183088938222,1.20437261141697e-05
"TRINITY_DN293691_c0_g1","transition metal ion transmembrane transporter activity","GO:0046915",4,-17.0312315306637,9.70243651900884e-07,4.0126393358098e-08
"TRINITY_DN299729_c1_g1","translation initiation factor activity","GO:0003743",2,30.4170118958996,5.30173150728726e-12,6.16679593739391e-14
"TRINITY_DN312702_c0_g1","translation initiation factor activity","GO:0003743",2,7.53838857844656,0.00507183898082019,0.00053225461768484
"TRINITY_DN299729_c1_g1","translation regulator activity, nucleic acid binding","GO:0003746;GO:0008135;GO:0090079;GO:0045182",3,30.4170118958996,5.30173150728726e-12,6.16679593739391e-14
"TRINITY_DN311463_c3_g2","translation regulator activity, nucleic acid binding","GO:0003746;GO:0008135;GO:0090079;GO:0045182",3,7.47557904625503,0.00538071915126369,0.000566757493800311
"TRINITY_DN312702_c0_g1","translation regulator activity, nucleic acid binding","GO:0003746;GO:0008135;GO:0090079;GO:0045182",3,7.53838857844656,0.00507183898082019,0.00053225461768484
"TRINITY_DN312717_c0_g3","translation regulator activity, nucleic acid binding","GO:0003746;GO:0008135;GO:0090079;GO:0045182",3,5.31852459894329,0.0316488366810034,0.00489997782716926
"TRINITY_DN316993_c2_g1","translation regulator activity, nucleic acid binding","GO:0003746;GO:0008135;GO:0090079;GO:0045182",3,6.52202152890507,0.0119469684508099,0.00147069304677176
"TRINITY_DN277395_c0_g1","transmembrane signaling receptor activity","GO:0004888;GO:0038023",2,-6.49276792160809,0.0122694193379942,0.00151435159519024
"TRINITY_DN312713_c2_g1","transmembrane signaling receptor activity","GO:0004888;GO:0038023",2,10.3901874098524,0.000417181218558328,3.0732574420452e-05
"TRINITY_DN277292_c0_g1","transporter activity","GO:0005215;GO:0022857",1,-10.7583037523243,0.000297849191387843,2.12680682703435e-05
"TRINITY_DN277395_c0_g1","transporter activity","GO:0005215;GO:0022857",1,-6.49276792160809,0.0122694193379942,0.00151435159519024
"TRINITY_DN293691_c0_g1","transporter activity","GO:0005215;GO:0022857",1,-17.0312315306637,9.70243651900884e-07,4.0126393358098e-08
"TRINITY_DN293818_c3_g2","transporter activity","GO:0005215;GO:0022857",1,-8.4326937147411,0.00240516165340554,0.000217634454952849
"TRINITY_DN294619_c0_g2","transporter activity","GO:0005215;GO:0022857",1,-7.91311830379642,0.003716585245272,0.000365911775635492
"TRINITY_DN298173_c0_g1","transporter activity","GO:0005215;GO:0022857",1,31.8560663969651,2.05742551399417e-12,1.4624672474272e-14
"TRINITY_DN299750_c3_g1","transporter activity","GO:0005215;GO:0022857",1,6.03870944783077,0.0181784323683584,0.00238463442376527
"TRINITY_DN311730_c0_g1","transporter activity","GO:0005215;GO:0022857",1,7.05866616411403,0.00769209766750203,0.000859924327287788
"TRINITY_DN312095_c1_g3","transporter activity","GO:0005215;GO:0022857",1,-4.7885371868926,0.0484299191922612,0.0083246258514646
"TRINITY_DN312713_c2_g1","transporter activity","GO:0005215;GO:0022857",1,10.3901874098524,0.000417181218558328,3.0732574420452e-05
"TRINITY_DN102431_c0_g1","tRNA binding","GO:0000049",3,5.04067266242736,0.039492658666223,0.00646939513530696
"TRINITY_DN238280_c0_g1","tRNA binding","GO:0000049",3,5.52082530900597,0.027106939472477,0.00400254324359354
"TRINITY_DN271649_c0_g1","tRNA binding","GO:0000049",3,5.53350620046356,0.0268830195739531,0.00395210788567001
"TRINITY_DN276607_c0_g1","tRNA binding","GO:0000049",3,21.8514182424687,9.72462950266795e-09,3.23630642576672e-10
"TRINITY_DN277000_c0_g1","tRNA binding","GO:0000049",3,-8.80893062751474,0.00174479664073035,0.000149392927235394
"TRINITY_DN316649_c0_g1","tRNA binding","GO:0000049",3,29.8423164350564,8.47710001436069e-12,1.09558643158135e-13
"TRINITY_DN25521_c0_g1","ubiquitin-protein transferase activity","GO:0004842;GO:0019787",4,5.48338099216627,0.0277765021771313,0.00415525703005228
"TRINITY_DN296706_c2_g1","ubiquitin-protein transferase activity","GO:0004842;GO:0019787",4,-5.21802460155727,0.0340828779761043,0.00541802131316424
"TRINITY_DN311418_c0_g3","ubiquitin-protein transferase activity","GO:0004842;GO:0019787",4,7.24774587601956,0.00661546505437844,0.000711777015543787
"TRINITY_DN298177_c0_g1","zinc ion binding","GO:0008270",2,-7.27833527429756,0.00643549152303298,0.000690333824118562
"TRINITY_DN311791_c1_g2","zinc ion binding","GO:0008270",2,5.28295400826101,0.0322653009809359,0.00507740990690222
