gene,logP
TRINITY_DN296708_c0_g1,-29.8474329572232
TRINITY_DN312737_c1_g1,-27.3008115384771
TRINITY_DN294773_c0_g2,-26.8075413257451
TRINITY_DN293894_c0_g2,-26.7252768716133
TRINITY_DN317297_c2_g1,-26.7115250404414
TRINITY_DN233011_c0_g1,-26.3331202997808
TRINITY_DN295219_c1_g1,-26.277331944757
TRINITY_DN255273_c0_g1,-26.2610866873347
TRINITY_DN271642_c0_g1,-26.1892909277872
TRINITY_DN277082_c0_g1,-26.0179307025001
TRINITY_DN173970_c0_g1,-25.6638931464751
TRINITY_DN311418_c0_g1,-25.6279766583295
TRINITY_DN312093_c0_g3,-25.542154500748
TRINITY_DN312002_c0_g1,-25.5418134573293
TRINITY_DN274805_c0_g2,-25.5145749408962
TRINITY_DN312726_c1_g4,-25.3648161089175
TRINITY_DN277328_c0_g1,-25.2663130958104
TRINITY_DN311461_c0_g1,-25.1514390629663
TRINITY_DN292353_c0_g1,-24.3092898597804
TRINITY_DN278906_c0_g1,-23.983476560925
TRINITY_DN295224_c1_g1,-23.9257483983824
TRINITY_DN292324_c0_g1,-23.9220544647226
TRINITY_DN277371_c0_g1,-23.7038653082389
TRINITY_DN311716_c0_g2,-23.4553508489847
TRINITY_DN251134_c0_g1,-23.3895162755477
TRINITY_DN274712_c0_g1,-23.3384130855245
TRINITY_DN312701_c0_g3,-23.1006139524463
TRINITY_DN311716_c0_g1,-22.7288485460428
TRINITY_DN274840_c0_g1,-22.1205001983467
TRINITY_DN299789_c0_g2,-21.9834959552107
TRINITY_DN314271_c0_g1,-21.8156067559303
TRINITY_DN294657_c0_g1,-21.8015658841503
TRINITY_DN294773_c0_g3,-21.4332965183701
TRINITY_DN294754_c0_g1,-20.9417373979707
TRINITY_DN276416_c0_g1,-20.8737243580576
TRINITY_DN278382_c0_g1,-20.6428360907545
TRINITY_DN226644_c0_g1,-19.1977650193099
TRINITY_DN251191_c0_g2,-18.276593583379
TRINITY_DN312701_c0_g2,-18.1633704915293
TRINITY_DN278968_c0_g1,-17.9948448369037
TRINITY_DN271666_c1_g1,-16.6648972209846
TRINITY_DN316900_c0_g1,-15.0165478430733
TRINITY_DN312737_c2_g2,-14.205546097818
TRINITY_DN255903_c0_g1,-13.9563026448281
TRINITY_DN256449_c0_g1,-13.4981302324811
TRINITY_DN277202_c0_g1,-13.3396180030207
TRINITY_DN317297_c1_g3,-13.2960764676897
TRINITY_DN299755_c1_g3,-13.0212941355248
TRINITY_DN311753_c2_g6,-12.9404889426289
TRINITY_DN314271_c1_g1,-12.6795879273057
TRINITY_DN311484_c1_g5,-12.5906791097086
TRINITY_DN310761_c3_g3,-12.2276912150385
TRINITY_DN310761_c3_g1,-12.0511820838085
TRINITY_DN311489_c3_g5,-11.7696587910288
TRINITY_DN295269_c0_g2,-11.6272688802591
TRINITY_DN294779_c0_g2,-11.6160132683921
TRINITY_DN311731_c0_g1,-11.0465690711394
TRINITY_DN314888_c2_g4,-10.5065905509004
TRINITY_DN311486_c4_g1,-10.0331008284205
TRINITY_DN298167_c1_g1,-9.61554748048257
TRINITY_DN296373_c0_g2,-9.26114073467832
TRINITY_DN293386_c0_g1,-8.6430290872722
TRINITY_DN314629_c1_g3,-8.53639115282528
TRINITY_DN312702_c0_g1,-8.41842265758186
TRINITY_DN316234_c0_g1,-8.34009354602675
TRINITY_DN310763_c3_g1,-8.31801564197613
TRINITY_DN316237_c1_g2,-8.21199572744385
TRINITY_DN384783_c0_g1,-8.16341365805836
TRINITY_DN298834_c0_g6,-8.12985026348069
TRINITY_DN296759_c4_g1,-8.02190890653543
TRINITY_DN317247_c5_g1,-7.70549952498276
TRINITY_DN312722_c5_g1,-7.66948903566884
TRINITY_DN311493_c0_g1,-7.39729095837727
TRINITY_DN251191_c0_g1,-7.32701615690858
TRINITY_DN292370_c1_g7,-7.13731698179923
TRINITY_DN312005_c1_g1,-7.09368857160359
TRINITY_DN294779_c1_g3,-6.96397293627397
TRINITY_DN312006_c1_g5,-6.92650106368052
TRINITY_DN449830_c0_g1,-6.90857149531866
TRINITY_DN295214_c0_g1,-6.87490236667756
TRINITY_DN314831_c1_g5,-6.79897508190658
TRINITY_DN251134_c1_g1,-6.64448709418536
TRINITY_DN314232_c4_g4,-6.60050012158803
TRINITY_DN316936_c6_g6,-6.56830064214187
TRINITY_DN2119_c0_g1,-6.56311649933854
TRINITY_DN314258_c2_g2,-6.52321796101065
TRINITY_DN295214_c0_g2,-6.40300250776518
TRINITY_DN296218_c0_g2,-6.3900185981758
TRINITY_DN66609_c0_g1,-6.36127727164443
TRINITY_DN278965_c0_g1,-6.28625029792412
TRINITY_DN52678_c0_g1,-6.15988329394045
TRINITY_DN314627_c5_g1,-6.14270391238365
TRINITY_DN295087_c0_g1,-6.01962672549805
TRINITY_DN227396_c0_g1,-5.99914199956666
TRINITY_DN22073_c0_g1,-5.91269136553304
TRINITY_DN54630_c0_g1,-5.82103151723588
TRINITY_DN310763_c1_g1,-5.81326680310857
TRINITY_DN259150_c0_g1,-5.77410376298353
TRINITY_DN54639_c0_g1,-5.68332791417974
TRINITY_DN277209_c0_g1,-5.60134629637953
TRINITY_DN256574_c0_g1,-5.51776905036599
TRINITY_DN227313_c0_g1,-5.48261849364075
TRINITY_DN274697_c0_g1,-5.42725262228359
TRINITY_DN295274_c0_g1,-5.38916655367976
TRINITY_DN659232_c0_g1,-5.3756724902019
TRINITY_DN311742_c0_g3,-5.37123634239411
TRINITY_DN317251_c1_g2,-5.32737648098336
TRINITY_DN256641_c0_g1,-5.30245334143707
TRINITY_DN316994_c3_g1,-5.23725698475447
TRINITY_DN172942_c0_g1,-5.22157251687176
TRINITY_DN271552_c0_g1,-5.21878346010442
TRINITY_DN220175_c0_g1,-5.15623854125736
TRINITY_DN238438_c0_g1,-5.14639558285485
TRINITY_DN256523_c0_g1,-5.13346035651784
TRINITY_DN254145_c0_g1,-5.11716411969294
TRINITY_DN278310_c0_g1,-5.11156260563199
TRINITY_DN371385_c0_g1,-5.03228863021701
TRINITY_DN23841_c0_g1,-5.00035453455959
TRINITY_DN226665_c1_g1,-4.9781285748259
TRINITY_DN299725_c0_g1,-4.96693771504631
TRINITY_DN314108_c3_g4,-4.96578234642001
TRINITY_DN336_c0_g1,-4.96373877281078
TRINITY_DN4872_c0_g1,-4.91449233727919
TRINITY_DN231568_c0_g1,-4.90125330877298
TRINITY_DN220145_c0_g1,-4.89880832131086
TRINITY_DN276269_c0_g1,-4.87046573433799
TRINITY_DN238637_c0_g1,-4.86113917411111
TRINITY_DN299201_c0_g1,-4.85985118866885
TRINITY_DN316970_c3_g1,-4.85424811894686
TRINITY_DN172934_c0_g1,-4.84959048171792
TRINITY_DN67038_c0_g1,-4.83428921282201
TRINITY_DN314629_c1_g1,-4.76772780591313
TRINITY_DN150505_c0_g1,-4.68792829359627
TRINITY_DN274885_c0_g1,-4.67076618691413
TRINITY_DN102516_c0_g1,-4.64940325346592
TRINITY_DN227530_c0_g1,-4.64169511962172
TRINITY_DN38070_c0_g1,-4.63390815953645
TRINITY_DN277229_c0_g2,-4.62330771004173
TRINITY_DN254151_c0_g1,-4.62257454820363
TRINITY_DN317247_c1_g2,-4.60828418861049
TRINITY_DN35980_c0_g1,-4.59991559125049
TRINITY_DN278313_c0_g1,-4.57878495940524
TRINITY_DN2713_c0_g1,-4.57058985611518
TRINITY_DN317294_c9_g1,-4.54327831543138
TRINITY_DN220307_c0_g1,-4.52162109809989
TRINITY_DN276865_c0_g1,-4.46787377295452
TRINITY_DN316268_c0_g3,-4.46383905065832
TRINITY_DN294614_c0_g1,-4.46114458744508
TRINITY_DN375730_c0_g1,-4.40777324906452
TRINITY_DN278921_c1_g2,-4.31369327327236
TRINITY_DN2517_c0_g1,-4.30786094201321
TRINITY_DN150655_c0_g1,-4.27391400623472
TRINITY_DN238271_c0_g1,-4.25698707430529
TRINITY_DN311775_c0_g3,-4.24126815701495
TRINITY_DN5913_c0_g1,-4.19190144293822
TRINITY_DN63063_c0_g1,-4.1509286632219
TRINITY_DN292968_c0_g1,-4.11482537114449
TRINITY_DN276940_c0_g1,-4.11196656393408
TRINITY_DN312097_c0_g1,-4.10597262780179
TRINITY_DN312006_c1_g2,-4.10057217321523
TRINITY_DN353201_c0_g1,-4.0622315079196
TRINITY_DN238434_c0_g1,-4.04562115416655
TRINITY_DN523509_c0_g1,-4.03217279456545
TRINITY_DN344357_c0_g1,-4.02004334413474
TRINITY_DN211138_c0_g1,-3.99166000357617
TRINITY_DN222187_c0_g1,-3.99166000357617
TRINITY_DN314214_c0_g4,-3.9886708936193
TRINITY_DN106797_c0_g1,-3.97824868962088
TRINITY_DN62284_c0_g1,-3.96710029478712
TRINITY_DN312708_c0_g5,-3.96577513810729
TRINITY_DN25206_c0_g1,-3.96408516485221
TRINITY_DN173244_c0_g1,-3.94344759337465
TRINITY_DN371424_c0_g1,-3.89506098979257
TRINITY_DN254040_c0_g1,-3.8704766910077
TRINITY_DN34086_c0_g1,-3.8540106810004
TRINITY_DN616796_c0_g1,-3.85401061814078
TRINITY_DN316993_c2_g1,-3.83332577781089
TRINITY_DN310763_c2_g1,-3.82325782703834
TRINITY_DN462817_c0_g1,-3.82125531606355
TRINITY_DN492528_c0_g1,-3.81159685981836
TRINITY_DN314160_c5_g1,-3.80468894568569
TRINITY_DN314218_c0_g1,-3.80452225581751
TRINITY_DN31468_c0_g1,-3.79647133713986
TRINITY_DN296750_c0_g5,-3.78940913206707
TRINITY_DN317260_c4_g1,-3.78843365588532
TRINITY_DN38558_c0_g1,-3.77674395195448
TRINITY_DN233692_c0_g1,-3.7677572200321
TRINITY_DN238435_c0_g1,-3.74881109361479
TRINITY_DN29922_c0_g1,-3.74353483853391
TRINITY_DN649901_c0_g1,-3.73057248441155
TRINITY_DN385116_c0_g1,-3.72932709723899
TRINITY_DN674368_c0_g1,-3.72932709723899
TRINITY_DN220363_c0_g1,-3.72241241600547
TRINITY_DN4636_c0_g1,-3.71893606770485
TRINITY_DN34981_c0_g1,-3.71621165008567
TRINITY_DN32490_c0_g1,-3.70826630175046
TRINITY_DN294665_c8_g5,-3.6840278130798
TRINITY_DN139764_c0_g1,-3.67810167151515
TRINITY_DN276980_c0_g2,-3.66219166872688
TRINITY_DN250501_c0_g1,-3.65913347530796
TRINITY_DN6107_c0_g1,-3.65048319585374
TRINITY_DN3178_c0_g1,-3.64632241659516
TRINITY_DN220414_c0_g1,-3.6282246639202
TRINITY_DN222929_c0_g1,-3.62777259062813
TRINITY_DN278960_c0_g1,-3.60114471841244
TRINITY_DN314214_c0_g2,-3.56956979191142
TRINITY_DN294764_c0_g1,-3.55607033373734
TRINITY_DN11596_c0_g1,-3.55169721899261
TRINITY_DN17353_c0_g1,-3.55169721899261
TRINITY_DN172856_c0_g1,-3.55169721797806
TRINITY_DN294652_c0_g1,-3.55169718903276
TRINITY_DN227513_c0_g1,-3.50813438108526
TRINITY_DN594267_c0_g1,-3.50490514638631
TRINITY_DN64831_c0_g1,-3.50490514616404
TRINITY_DN314250_c1_g1,-3.50490514594179
TRINITY_DN455696_c0_g1,-3.50490514485525
TRINITY_DN111788_c0_g1,-3.50490514242985
TRINITY_DN540200_c0_g1,-3.50490510974487
TRINITY_DN593402_c0_g1,-3.50490510769253
TRINITY_DN666083_c0_g1,-3.50490502299878
TRINITY_DN312762_c1_g3,-3.50490490763817
TRINITY_DN294198_c5_g1,-3.50083924557002
TRINITY_DN271513_c0_g1,-3.47708271647806
TRINITY_DN277372_c0_g3,-3.47575116730254
TRINITY_DN314643_c0_g1,-3.41820314965805
TRINITY_DN226744_c0_g1,-3.40868832968096
TRINITY_DN296719_c0_g1,-3.40559582462632
TRINITY_DN274048_c0_g1,-3.35842707706393
TRINITY_DN314628_c4_g4,-3.3579565849796
TRINITY_DN296785_c0_g1,-3.35606072801897
TRINITY_DN220145_c0_g2,-3.33915160556598
TRINITY_DN312041_c2_g2,-3.33865291642988
TRINITY_DN3404_c0_g1,-3.3357608729403
TRINITY_DN274525_c0_g1,-3.31382136574038
TRINITY_DN312009_c2_g1,-3.30766091323075
TRINITY_DN256248_c0_g1,-3.2922755321595
TRINITY_DN298176_c0_g1,-3.28927474872818
TRINITY_DN314214_c0_g1,-3.26915393022954
TRINITY_DN252811_c1_g1,-3.26522864110602
TRINITY_DN316644_c1_g2,-3.25988287187756
TRINITY_DN296778_c0_g2,-3.25149625802524
TRINITY_DN276401_c0_g1,-3.23062950983517
TRINITY_DN584380_c0_g1,-3.2281735236094
TRINITY_DN349120_c0_g1,-3.22037198960231
TRINITY_DN385105_c0_g1,-3.22037198960231
TRINITY_DN684456_c0_g1,-3.22037198920576
TRINITY_DN35246_c0_g1,-3.22037198687065
TRINITY_DN620315_c0_g1,-3.22037198647409
TRINITY_DN314214_c0_g5,-3.22037180377294
TRINITY_DN312082_c2_g4,-3.17146355521447
TRINITY_DN45561_c0_g1,-3.16513742322226
TRINITY_DN311484_c1_g6,-3.13518998919086
TRINITY_DN68954_c0_g1,-3.13518994623036
TRINITY_DN256940_c0_g1,-3.12949241670413
TRINITY_DN294168_c4_g1,-3.10869353068386
TRINITY_DN294138_c0_g1,-3.10524840959507
TRINITY_DN649964_c0_g1,-3.09683326612268
TRINITY_DN274899_c0_g1,-3.09665024695916
TRINITY_DN314633_c5_g1,-3.08996489507772
TRINITY_DN311750_c0_g1,-3.08399338301223
TRINITY_DN277375_c0_g1,-3.07639123121557
TRINITY_DN227525_c0_g1,-3.07005307994731
TRINITY_DN293486_c0_g1,-3.06698388823058
TRINITY_DN293384_c0_g1,-3.06360630887957
TRINITY_DN312720_c0_g1,-3.0622687308378
TRINITY_DN61675_c0_g1,-3.06178660694199
TRINITY_DN312082_c2_g7,-3.04909381400193
TRINITY_DN584854_c0_g1,-3.04099211543295
TRINITY_DN257906_c0_g2,-3.01273703050124
TRINITY_DN102004_c0_g1,-3.01147077254895
TRINITY_DN62286_c0_g1,-3.00414426858554
TRINITY_DN311790_c0_g1,-2.99155317864273
TRINITY_DN317254_c5_g1,-2.98174278148027
TRINITY_DN371420_c0_g1,-2.96623579955295
TRINITY_DN37446_c0_g1,-2.96152443393725
TRINITY_DN317254_c3_g1,-2.9572059586531
TRINITY_DN312080_c2_g4,-2.86111116842718
TRINITY_DN317266_c4_g1,-2.85458038758027
TRINITY_DN22603_c0_g1,-2.83627275296875
TRINITY_DN359187_c0_g1,-2.83459170423284
TRINITY_DN48385_c0_g1,-2.83459170423284
TRINITY_DN4982_c0_g1,-2.83459170423284
TRINITY_DN17504_c0_g1,-2.83459168312003
TRINITY_DN344382_c0_g1,-2.83459167635913
TRINITY_DN4964_c0_g1,-2.83459163651694
TRINITY_DN21033_c0_g1,-2.83459162866833
TRINITY_DN274849_c0_g1,-2.83459157564487
TRINITY_DN312762_c1_g4,-2.8345915664857
TRINITY_DN3723_c0_g1,-2.83375191388886
TRINITY_DN276980_c0_g1,-2.80112553637337
TRINITY_DN252813_c0_g1,-2.79929135559528
TRINITY_DN62000_c0_g1,-2.78125745941889
TRINITY_DN40150_c0_g1,-2.77990086200614
TRINITY_DN316994_c2_g1,-2.76797273922645
TRINITY_DN317254_c4_g1,-2.76388094524536
TRINITY_DN311989_c2_g2,-2.75958249299566
TRINITY_DN442_c0_g1,-2.74818432436535
TRINITY_DN220363_c1_g1,-2.72839954600678
TRINITY_DN312762_c1_g2,-2.71762241303645
TRINITY_DN311775_c0_g1,-2.70215576166306
TRINITY_DN316214_c3_g1,-2.69846254223351
TRINITY_DN278901_c0_g1,-2.68954313291779
TRINITY_DN616376_c0_g1,-2.6859612157992
TRINITY_DN311923_c1_g1,-2.67998235161889
TRINITY_DN256530_c0_g1,-2.67544519279021
TRINITY_DN312006_c1_g1,-2.65157492534343
TRINITY_DN316227_c2_g7,-2.63371572392217
TRINITY_DN6598_c0_g1,-2.62583648961002
TRINITY_DN6490_c0_g1,-2.62299333566069
TRINITY_DN311923_c2_g1,-2.61390355161531
TRINITY_DN314848_c0_g3,-2.60643098327925
TRINITY_DN584850_c0_g1,-2.58836590398107
TRINITY_DN276049_c0_g1,-2.58114698748954
TRINITY_DN312006_c2_g1,-2.57154766614889
TRINITY_DN276864_c0_g2,-2.561087072633
TRINITY_DN312086_c6_g1,-2.54786619676137
TRINITY_DN32497_c0_g1,-2.54002639404071
TRINITY_DN11147_c0_g1,-2.53968206090242
TRINITY_DN542739_c0_g1,-2.52988330072452
TRINITY_DN255274_c0_g1,-2.51442446309523
TRINITY_DN233060_c0_g1,-2.50993767761205
TRINITY_DN220748_c0_g1,-2.50399800341793
TRINITY_DN220366_c0_g1,-2.4953945724453
TRINITY_DN175229_c0_g1,-2.4950622695142
TRINITY_DN294663_c0_g1,-2.49001857150147
TRINITY_DN311071_c1_g5,-2.48838009183092
TRINITY_DN37563_c0_g2,-2.4736125713664
TRINITY_DN317247_c5_g4,-2.47237618772315
TRINITY_DN276601_c0_g1,-2.46273095404797
TRINITY_DN314279_c1_g6,-2.4515524420383
TRINITY_DN104380_c0_g1,-2.44218030672817
TRINITY_DN6862_c0_g1,-2.43261295616856
TRINITY_DN4615_c0_g1,-2.42537490802276
TRINITY_DN294181_c0_g1,-2.42331998832275
TRINITY_DN686095_c0_g1,-2.41921392306194
TRINITY_DN256470_c1_g1,-2.41521141977433
TRINITY_DN311923_c3_g4,-2.40554030736861
TRINITY_DN294784_c0_g2,-2.39868378476559
TRINITY_DN274833_c0_g1,-2.39359356651166
TRINITY_DN5404_c0_g2,-2.37384235205203
TRINITY_DN5532_c0_g1,-2.37315841138211
TRINITY_DN314258_c3_g1,-2.36888535671839
TRINITY_DN226945_c0_g1,-2.36352707288585
TRINITY_DN22801_c0_g1,-2.35883144584885
TRINITY_DN293824_c0_g1,-2.35049599400429
TRINITY_DN276942_c0_g1,-2.33989816504478
TRINITY_DN222960_c0_g1,-2.33131304756097
TRINITY_DN293389_c0_g1,-2.32181927146975
TRINITY_DN22072_c0_g1,-2.31563576644618
TRINITY_DN292387_c4_g5,-2.30258282246531
TRINITY_DN35676_c0_g1,-2.28787797817634
TRINITY_DN316925_c1_g2,-2.28712916509415
TRINITY_DN371752_c0_g1,-2.28324842961603
TRINITY_DN298818_c0_g1,-2.28100182147088
TRINITY_DN316954_c4_g3,-2.26687810335744
TRINITY_DN278821_c0_g2,-2.26568753706077
TRINITY_DN251341_c0_g1,-2.26299850804448
TRINITY_DN271518_c0_g1,-2.26025755395551
TRINITY_DN256587_c1_g1,-2.25859268821776
TRINITY_DN276577_c0_g2,-2.24440042404575
TRINITY_DN220450_c0_g1,-2.23606960678022
TRINITY_DN375758_c0_g1,-2.2325613304805
TRINITY_DN256325_c0_g1,-2.22998983026682
TRINITY_DN668911_c0_g1,-2.22362762918774
TRINITY_DN6216_c0_g1,-2.21879708335692
TRINITY_DN314258_c2_g4,-2.21439540890929
TRINITY_DN104680_c0_g1,-2.21322335235002
TRINITY_DN292328_c0_g1,-2.2123879362569
TRINITY_DN251099_c0_g1,-2.20992772014383
TRINITY_DN292919_c0_g1,-2.20091524116053
TRINITY_DN277054_c0_g1,-2.19001078568951
TRINITY_DN271663_c0_g1,-2.17552981912265
TRINITY_DN317254_c5_g2,-2.16892789757038
TRINITY_DN316925_c1_g1,-2.1679291877489
TRINITY_DN312762_c0_g1,-2.15948724287874
TRINITY_DN676428_c0_g1,-2.15059814889893
TRINITY_DN380132_c0_g1,-2.15059813346398
TRINITY_DN2108_c0_g1,-2.15059810876607
TRINITY_DN211137_c0_g1,-2.15059810807588
TRINITY_DN375615_c0_g1,-2.15059809708182
TRINITY_DN314868_c0_g1,-2.14923491810856
TRINITY_DN4574_c0_g1,-2.14796560776117
TRINITY_DN27160_c0_g1,-2.14476972017839
TRINITY_DN310028_c0_g2,-2.14086621212465
TRINITY_DN222929_c0_g2,-2.13680654720051
TRINITY_DN294653_c0_g3,-2.13675218989642
TRINITY_DN6840_c0_g1,-2.12703156319374
TRINITY_DN312748_c0_g4,-2.12682859075183
TRINITY_DN227368_c0_g1,-2.11745880762741
TRINITY_DN238255_c0_g1,-2.10984519425316
TRINITY_DN544626_c0_g1,-2.10214689192816
TRINITY_DN626203_c0_g1,-2.1021467471634
TRINITY_DN314888_c1_g1,-2.09449878238926
TRINITY_DN298612_c2_g2,-2.08022856271697
TRINITY_DN314258_c3_g5,-2.07839105947891
TRINITY_DN256217_c0_g1,-2.07497065060717
TRINITY_DN292910_c0_g2,-2.07005646592754
TRINITY_DN312006_c3_g1,-2.05462068944592
TRINITY_DN316925_c2_g2,-2.0520672855491
TRINITY_DN111599_c0_g1,-2.04183446656048
TRINITY_DN688119_c0_g1,-2.0410808927252
TRINITY_DN296750_c0_g4,-2.02712357406962
TRINITY_DN254041_c0_g1,-2.02693278128636
TRINITY_DN2987_c0_g1,-2.02610034742427
TRINITY_DN316922_c2_g4,-2.01316160899956
TRINITY_DN524444_c0_g1,-2.00909436865398
TRINITY_DN311039_c2_g2,-1.99860909883568
TRINITY_DN317261_c5_g1,-1.9965752501703
TRINITY_DN104682_c0_g1,-1.99477289741579
TRINITY_DN233016_c0_g1,-1.98210223239814
TRINITY_DN616367_c0_g1,-1.98210223239814
TRINITY_DN25663_c0_g1,-1.97670469533984
TRINITY_DN104265_c0_g1,-1.96772091739378
TRINITY_DN314212_c0_g2,-1.93698482547346
TRINITY_DN316214_c4_g7,-1.93004303470657
TRINITY_DN295276_c1_g1,-1.92938235032959
TRINITY_DN226093_c0_g1,-1.91254673645904
TRINITY_DN252268_c0_g1,-1.90732612231521
TRINITY_DN274576_c0_g1,-1.9045841127589
TRINITY_DN277916_c0_g1,-1.89801389478761
TRINITY_DN173144_c0_g2,-1.89676409668974
TRINITY_DN2949_c0_g1,-1.89662173359675
TRINITY_DN344061_c0_g1,-1.88376909964036
TRINITY_DN3808_c0_g1,-1.88238392331527
TRINITY_DN104875_c0_g1,-1.87860945871875
TRINITY_DN311417_c7_g2,-1.87758846334143
TRINITY_DN34620_c0_g1,-1.85728924946146
TRINITY_DN62172_c0_g1,-1.85728924537828
TRINITY_DN25631_c0_g1,-1.85728923533534
TRINITY_DN440465_c0_g1,-1.85728904542542
TRINITY_DN686023_c0_g1,-1.85728904542542
TRINITY_DN523714_c0_g1,-1.85728904510241
TRINITY_DN54278_c0_g1,-1.85728904510241
TRINITY_DN274633_c1_g1,-1.85728903050042
TRINITY_DN664252_c0_g1,-1.85728902272327
TRINITY_DN256949_c0_g1,-1.84718581320464
TRINITY_DN299038_c0_g1,-1.84319960108475
TRINITY_DN104321_c0_g1,-1.83511829229448
TRINITY_DN317266_c4_g6,-1.80483886076222
TRINITY_DN311494_c0_g4,-1.80321501178942
TRINITY_DN34625_c0_g1,-1.79859930638112
TRINITY_DN371136_c0_g1,-1.79774594513717
TRINITY_DN40173_c0_g1,-1.79774594300753
TRINITY_DN48181_c0_g1,-1.79774594153394
TRINITY_DN316996_c1_g1,-1.79774593661075
TRINITY_DN347188_c0_g1,-1.79699530478844
TRINITY_DN4875_c0_g1,-1.79672510478361
TRINITY_DN234189_c0_g1,-1.79270252662615
TRINITY_DN689712_c0_g1,-1.79255573226609
TRINITY_DN251019_c0_g1,-1.78573389128033
TRINITY_DN35391_c0_g1,-1.78373665446338
TRINITY_DN493676_c0_g1,-1.78033663913454
TRINITY_DN235337_c0_g1,-1.78018113155585
TRINITY_DN311071_c0_g3,-1.75966371636412
TRINITY_DN2983_c0_g1,-1.75769236608052
TRINITY_DN676150_c0_g1,-1.75682242779133
TRINITY_DN227719_c0_g1,-1.75607412424202
TRINITY_DN256511_c0_g1,-1.75521657883742
TRINITY_DN211663_c0_g1,-1.75378002186368
TRINITY_DN292978_c1_g5,-1.75102856195153
TRINITY_DN104878_c0_g1,-1.75102835459043
TRINITY_DN664272_c0_g1,-1.7421824820124
TRINITY_DN643083_c0_g1,-1.73648069590947
TRINITY_DN276083_c0_g2,-1.72612243175324
TRINITY_DN256585_c0_g1,-1.72047882950049
TRINITY_DN316233_c1_g2,-1.71660196518117
TRINITY_DN277088_c0_g1,-1.71581921875538
TRINITY_DN314258_c1_g1,-1.7158057758387
TRINITY_DN111548_c0_g1,-1.71559519717585
TRINITY_DN48556_c0_g1,-1.70560787277379
TRINITY_DN1600_c0_g1,-1.70560787217826
TRINITY_DN66607_c0_g1,-1.70426754263068
TRINITY_DN102666_c0_g1,-1.6985759983256
TRINITY_DN294103_c7_g1,-1.69702047107505
TRINITY_DN250566_c0_g1,-1.69646213179757
TRINITY_DN398464_c0_g1,-1.69646213179757
TRINITY_DN114043_c0_g1,-1.69617831500511
TRINITY_DN523548_c0_g1,-1.69600794808427
TRINITY_DN299037_c9_g2,-1.69357553802842
TRINITY_DN175175_c0_g1,-1.69123128818573
TRINITY_DN6591_c0_g1,-1.68257828326101
TRINITY_DN25106_c0_g1,-1.67652091107979
TRINITY_DN293686_c0_g1,-1.67533962370714
TRINITY_DN252387_c0_g1,-1.67167079422139
TRINITY_DN444293_c0_g1,-1.66781886059525
TRINITY_DN226961_c0_g1,-1.66726524599797
TRINITY_DN22662_c0_g1,-1.65840331767758
TRINITY_DN316936_c6_g3,-1.65840307673783
TRINITY_DN276567_c0_g1,-1.65171019919435
TRINITY_DN6641_c0_g1,-1.64477216472212
TRINITY_DN254061_c0_g1,-1.64428860089378
TRINITY_DN110603_c0_g1,-1.63469288120367
TRINITY_DN544542_c0_g1,-1.61948359245488
TRINITY_DN324273_c0_g1,-1.6193460517235
TRINITY_DN211623_c0_g1,-1.61778692523711
TRINITY_DN38427_c0_g1,-1.61587830675404
TRINITY_DN294744_c0_g1,-1.61436446117031
TRINITY_DN292363_c0_g1,-1.60955959196769
TRINITY_DN151706_c0_g1,-1.60927239151636
TRINITY_DN299250_c0_g1,-1.60323985109166
TRINITY_DN231567_c0_g1,-1.60047457485541
TRINITY_DN294779_c1_g7,-1.60020956088581
TRINITY_DN231594_c0_g1,-1.59550961590223
TRINITY_DN314888_c1_g2,-1.59410253686104
TRINITY_DN648325_c0_g1,-1.57157647313216
TRINITY_DN299785_c2_g1,-1.56708588008788
TRINITY_DN485699_c0_g1,-1.54158537257153
TRINITY_DN44045_c0_g1,-1.54158536369293
TRINITY_DN384853_c0_g1,-1.54158535020967
TRINITY_DN316644_c1_g3,-1.54158534882552
TRINITY_DN296378_c3_g2,-1.54158533791257
TRINITY_DN340650_c0_g1,-1.54158533657859
TRINITY_DN151661_c0_g1,-1.54158515794983
TRINITY_DN584852_c0_g1,-1.54158515794983
TRINITY_DN25417_c0_g1,-1.54158515106454
TRINITY_DN656204_c0_g1,-1.54158514723887
TRINITY_DN59353_c0_g1,-1.54158514490559
TRINITY_DN11966_c0_g1,-1.54158512262388
TRINITY_DN234175_c0_g1,-1.54158510120421
TRINITY_DN371196_c0_g1,-1.54158509356352
TRINITY_DN675591_c0_g1,-1.53597138697699
TRINITY_DN310087_c0_g3,-1.53438141525723
TRINITY_DN298170_c0_g1,-1.53010840188199
TRINITY_DN457897_c0_g1,-1.5264346808024
TRINITY_DN27162_c0_g1,-1.51642640145536
TRINITY_DN310733_c0_g1,-1.50896017439073
TRINITY_DN276400_c0_g1,-1.50602254215195
TRINITY_DN34016_c0_g1,-1.50495612900976
TRINITY_DN314636_c0_g1,-1.50344281708054
TRINITY_DN316933_c1_g2,-1.49961413863122
TRINITY_DN294748_c2_g2,-1.49768094474455
TRINITY_DN6170_c0_g1,-1.49214838199405
TRINITY_DN278829_c0_g2,-1.49189009027974
TRINITY_DN58486_c0_g1,-1.48471730744826
TRINITY_DN292387_c4_g2,-1.4784482005291
TRINITY_DN222901_c0_g1,-1.47469177396839
TRINITY_DN255275_c0_g1,-1.46910386929394
TRINITY_DN276530_c0_g1,-1.45564747683869
TRINITY_DN173921_c0_g1,-1.44961858802121
TRINITY_DN643065_c0_g1,-1.4496185848543
TRINITY_DN371134_c0_g1,-1.44961858357814
TRINITY_DN59421_c0_g1,-1.44522864266113
TRINITY_DN38567_c0_g1,-1.44522836600345
TRINITY_DN34982_c0_g1,-1.43733846161304
TRINITY_DN294618_c0_g1,-1.43697888546416
TRINITY_DN489445_c0_g1,-1.42209821232233
TRINITY_DN40157_c0_g1,-1.42118417604153
TRINITY_DN299635_c4_g1,-1.41948619873387
TRINITY_DN277073_c0_g1,-1.41359530619941
TRINITY_DN226645_c0_g1,-1.4095749386292
TRINITY_DN34629_c0_g1,-1.40424405817218
TRINITY_DN38599_c0_g1,-1.4014739214875
TRINITY_DN314625_c1_g5,-1.40033881121373
TRINITY_DN6226_c0_g1,-1.40033880604101
TRINITY_DN234161_c0_g1,-1.39888661098682
TRINITY_DN314164_c0_g1,-1.39707063689423
TRINITY_DN462816_c0_g1,-1.38014259627603
TRINITY_DN274882_c0_g1,-1.37503581844205
TRINITY_DN278923_c0_g1,-1.37480359717258
TRINITY_DN312097_c0_g2,-1.37410126693149
TRINITY_DN29819_c0_g1,-1.37179126229499
TRINITY_DN277087_c0_g1,-1.36944317742266
TRINITY_DN546037_c0_g1,-1.35792146462663
TRINITY_DN485508_c0_g1,-1.35357331522723
TRINITY_DN316644_c1_g4,-1.35068012109208
TRINITY_DN102051_c0_g1,-1.3483596119039
TRINITY_DN255882_c1_g1,-1.3378790718589
TRINITY_DN276577_c0_g1,-1.33627080800845
TRINITY_DN314104_c3_g6,-1.33627080762591
TRINITY_DN299782_c1_g2,-1.32830148199564
TRINITY_DN311989_c2_g1,-1.31673673388423
TRINITY_DN252335_c0_g1,-1.31510104904394
TRINITY_DN311497_c0_g3,-1.30800872204699
TRINITY_DN276577_c1_g1,-1.30088733938247
TRINITY_DN523774_c0_g1,-1.29316941946567
TRINITY_DN231218_c0_g1,-1.28080052712069
TRINITY_DN349141_c0_g1,-1.28080052525403
TRINITY_DN540926_c0_g1,-1.28080052525403
TRINITY_DN546116_c0_g1,-1.28080052401396
TRINITY_DN540348_c0_g1,-1.28080052208939
TRINITY_DN314640_c2_g1,-1.28080051566993
TRINITY_DN385194_c0_g1,-1.28080051566993
TRINITY_DN492529_c0_g1,-1.28080051557863
TRINITY_DN493665_c0_g1,-1.28080050784451
TRINITY_DN649974_c0_g1,-1.28080049950048
TRINITY_DN255269_c0_g1,-1.2655523430457
TRINITY_DN664944_c0_g1,-1.26481311445839
TRINITY_DN316647_c2_g1,-1.25767746229719
TRINITY_DN299703_c1_g1,-1.25515141599321
TRINITY_DN666209_c0_g1,-1.25361902893532
TRINITY_DN666066_c0_g1,-1.25099487566687
TRINITY_DN106753_c0_g1,-1.23386237639973
TRINITY_DN276578_c0_g1,-1.23167599657215
TRINITY_DN257908_c0_g2,-1.23084473973031
TRINITY_DN295229_c6_g1,-1.22800340054186
TRINITY_DN314830_c2_g1,-1.21165512209398
TRINITY_DN10434_c0_g1,-1.19584910733558
TRINITY_DN316214_c4_g3,-1.1946222939323
TRINITY_DN2278_c0_g1,-1.19459254205765
TRINITY_DN312082_c2_g1,-1.19207839950869
TRINITY_DN277002_c0_g1,-1.18836592904942
TRINITY_DN277951_c0_g1,-1.18744213739487
TRINITY_DN293472_c0_g1,-1.18216217510173
TRINITY_DN102662_c0_g1,-1.18022776004387
TRINITY_DN25698_c0_g1,-1.17874964539732
TRINITY_DN668744_c0_g1,-1.17874964539732
TRINITY_DN222939_c0_g1,-1.17874964145074
TRINITY_DN451349_c0_g1,-1.17874963911007
TRINITY_DN444555_c0_g1,-1.17869833101912
TRINITY_DN25592_c0_g1,-1.1786983301448
TRINITY_DN664333_c0_g1,-1.17869831698285
TRINITY_DN216_c0_g1,-1.17869808536308
TRINITY_DN314215_c1_g4,-1.17869808313022
TRINITY_DN150567_c0_g1,-1.17817344511668
TRINITY_DN104322_c0_g1,-1.17592077584772
TRINITY_DN27620_c0_g1,-1.16571623838039
TRINITY_DN220141_c0_g1,-1.16206619660032
TRINITY_DN312744_c0_g2,-1.16172749743069
TRINITY_DN46455_c0_g1,-1.1569671307941
TRINITY_DN316644_c2_g8,-1.15427438512601
TRINITY_DN621454_c0_g1,-1.15407617629658
TRINITY_DN256938_c0_g2,-1.14820083866701
TRINITY_DN317296_c5_g1,-1.14563237755583
TRINITY_DN649959_c0_g1,-1.14253579718672
TRINITY_DN311071_c0_g2,-1.12120292943889
TRINITY_DN259160_c0_g1,-1.11524218838882
TRINITY_DN553919_c0_g1,-1.11231263569702
TRINITY_DN256267_c0_g1,-1.10183639880834
TRINITY_DN66490_c0_g1,-1.09805846846816
TRINITY_DN440487_c0_g1,-1.09077983280227
TRINITY_DN106388_c0_g1,-1.09077982793166
TRINITY_DN48180_c0_g1,-1.09077982793166
TRINITY_DN102420_c0_g1,-1.09077982573151
TRINITY_DN151697_c0_g1,-1.09077982573151
TRINITY_DN540523_c0_g1,-1.09077982573151
TRINITY_DN3809_c0_g1,-1.09077982355667
TRINITY_DN676523_c0_g1,-1.09077980784938
TRINITY_DN31201_c0_g1,-1.09077980620719
TRINITY_DN384862_c0_g1,-1.09077978733319
TRINITY_DN664949_c0_g1,-1.09077977378038
TRINITY_DN49375_c0_g1,-1.09077959967757
TRINITY_DN311494_c0_g5,-1.0907795933585
TRINITY_DN324613_c0_g1,-1.0907795933585
TRINITY_DN344487_c0_g1,-1.0907795933585
TRINITY_DN371615_c0_g1,-1.0907795933585
TRINITY_DN54643_c0_g1,-1.0907795933585
TRINITY_DN324636_c0_g1,-1.09077959118367
TRINITY_DN591909_c0_g1,-1.09077959118367
TRINITY_DN622702_c0_g1,-1.09077959118367
TRINITY_DN63817_c0_g1,-1.09077959118367
TRINITY_DN686399_c0_g1,-1.09077959118367
TRINITY_DN311494_c0_g1,-1.09077957110139
TRINITY_DN34077_c0_g1,-1.09077957110139
TRINITY_DN160356_c1_g1,-1.09077953920722
TRINITY_DN312006_c1_g4,-1.08885187728935
TRINITY_DN314849_c0_g1,-1.07563018664013
TRINITY_DN252384_c0_g1,-1.06917795868745
TRINITY_DN292389_c1_g3,-1.0606097672201
TRINITY_DN256664_c0_g1,-1.05989917777867
TRINITY_DN296365_c1_g1,-1.05774900019581
TRINITY_DN255882_c2_g1,-1.05190864013322
TRINITY_DN298239_c0_g2,-1.04236565411548
TRINITY_DN173170_c0_g1,-1.03840533573416
TRINITY_DN310734_c1_g4,-1.03602117581009
TRINITY_DN656256_c0_g1,-1.03278436535013
TRINITY_DN298613_c0_g1,-1.02629664057581
TRINITY_DN277372_c0_g4,-1.02526377429866
TRINITY_DN223895_c0_g1,-1.01969481474122
TRINITY_DN314105_c1_g1,-1.00972877047785
TRINITY_DN298613_c0_g2,-0.99909561683348
TRINITY_DN37169_c0_g1,-0.998758450085815
TRINITY_DN274880_c0_g1,-0.998202822269375
TRINITY_DN15163_c0_g1,-0.998112833007247
TRINITY_DN254298_c0_g1,-0.997450735208651
TRINITY_DN292958_c0_g2,-0.990140174982171
TRINITY_DN276531_c0_g1,-0.989577782996965
TRINITY_DN6370_c0_g1,-0.98212411047148
TRINITY_DN523583_c0_g1,-0.977800205412395
TRINITY_DN11142_c0_g1,-0.974437223211488
TRINITY_DN591410_c0_g1,-0.974437219762777
TRINITY_DN62277_c0_g1,-0.974437208642157
TRINITY_DN494769_c0_g1,-0.952068949329633
TRINITY_DN256538_c0_g1,-0.951664472439768
TRINITY_DN676527_c0_g1,-0.945552222300001
TRINITY_DN294140_c2_g1,-0.945053435536196
TRINITY_DN271001_c0_g1,-0.944425169217243
TRINITY_DN31190_c0_g1,-0.943264277402112
TRINITY_DN311984_c0_g1,-0.938172368072207
TRINITY_DN4931_c0_g1,-0.934586917762049
TRINITY_DN293891_c0_g1,-0.931725004727765
TRINITY_DN316938_c1_g1,-0.93162500425699
TRINITY_DN37114_c0_g1,-0.930915598680229
TRINITY_DN3476_c0_g1,-0.927654739652253
TRINITY_DN292952_c0_g1,-0.92604949600765
TRINITY_DN274830_c0_g1,-0.920896092073252
TRINITY_DN3728_c0_g1,-0.907705712427202
TRINITY_DN227341_c0_g1,-0.906408780958213
TRINITY_DN457346_c0_g1,-0.90345049026359
TRINITY_DN312717_c0_g2,-0.901705962992266
TRINITY_DN314275_c4_g4,-0.900961798356917
TRINITY_DN295083_c1_g2,-0.897360417892981
TRINITY_DN316647_c2_g5,-0.893624394356324
TRINITY_DN293899_c0_g1,-0.893449095815011
TRINITY_DN274558_c0_g1,-0.891809034742502
TRINITY_DN311474_c0_g1,-0.890915657891606
TRINITY_DN292956_c0_g1,-0.88658728524237
TRINITY_DN271056_c0_g1,-0.880345790366083
TRINITY_DN252852_c0_g1,-0.879489556022427
TRINITY_DN296713_c0_g1,-0.878930807413424
TRINITY_DN310737_c2_g1,-0.876923964282641
TRINITY_DN371428_c0_g1,-0.876815334679591
TRINITY_DN548964_c0_g1,-0.874013975503729
TRINITY_DN115524_c0_g1,-0.866219405145292
TRINITY_DN311075_c0_g1,-0.862452539010386
TRINITY_DN172864_c0_g1,-0.861120161626131
TRINITY_DN292662_c0_g1,-0.855224706039322
TRINITY_DN226099_c0_g1,-0.855093060283183
TRINITY_DN294776_c2_g2,-0.849420373711778
TRINITY_DN67658_c0_g1,-0.843804988657715
TRINITY_DN298816_c3_g1,-0.840527217826391
TRINITY_DN299794_c0_g1,-0.838323369250172
TRINITY_DN316284_c0_g3,-0.825053212541293
TRINITY_DN314888_c1_g4,-0.822991015223501
TRINITY_DN154813_c0_g1,-0.821227595718475
TRINITY_DN310734_c1_g1,-0.815994324489417
TRINITY_DN3560_c0_g1,-0.815568820454921
TRINITY_DN139774_c0_g1,-0.815568806697676
TRINITY_DN119004_c0_g1,-0.815568806165009
TRINITY_DN22698_c0_g1,-0.815568548964913
TRINITY_DN460298_c0_g1,-0.815568548964913
TRINITY_DN276869_c0_g2,-0.815503537499266
TRINITY_DN106378_c0_g1,-0.811621972451689
TRINITY_DN314633_c0_g1,-0.811621972451689
TRINITY_DN231235_c0_g1,-0.811621959201049
TRINITY_DN277220_c0_g1,-0.810973325544388
TRINITY_DN311923_c3_g1,-0.808708779403797
TRINITY_DN294668_c0_g2,-0.802803499638597
TRINITY_DN311472_c0_g2,-0.802518831218632
TRINITY_DN675624_c0_g1,-0.802180546108937
TRINITY_DN48318_c0_g1,-0.799307230178728
TRINITY_DN659215_c0_g1,-0.79782622080483
TRINITY_DN317298_c3_g1,-0.797305440542323
TRINITY_DN314158_c0_g1,-0.79596741801299
TRINITY_DN311779_c1_g1,-0.795633366396645
TRINITY_DN228049_c0_g1,-0.789038955016203
TRINITY_DN292956_c1_g1,-0.783922282729806
TRINITY_DN292969_c0_g1,-0.781491234760001
TRINITY_DN271059_c0_g1,-0.775924682755282
TRINITY_DN276020_c0_g1,-0.773366324984837
TRINITY_DN256626_c0_g1,-0.772667561303834
TRINITY_DN316214_c4_g2,-0.768860694547987
TRINITY_DN256915_c0_g1,-0.766130068682985
TRINITY_DN294140_c2_g4,-0.765326519285051
TRINITY_DN664210_c0_g1,-0.765245190623866
TRINITY_DN10567_c0_g1,-0.764834688231708
TRINITY_DN311923_c2_g4,-0.745895201697467
TRINITY_DN317254_c4_g2,-0.745625552528299
TRINITY_DN5449_c0_g1,-0.738056207729338
TRINITY_DN325_c0_g1,-0.732722169712958
TRINITY_DN293489_c0_g1,-0.732592996901743
TRINITY_DN294141_c0_g1,-0.732364905532493
TRINITY_DN314844_c0_g2,-0.731465288680438
TRINITY_DN314638_c0_g3,-0.731169526348036
TRINITY_DN3494_c0_g1,-0.730917925552554
TRINITY_DN311417_c8_g1,-0.712868512056019
TRINITY_DN372960_c0_g1,-0.711671898851775
TRINITY_DN622724_c0_g1,-0.707197435031692
TRINITY_DN461613_c0_g1,-0.707197433680598
TRINITY_DN296270_c3_g3,-0.701836491779705
TRINITY_DN276639_c0_g1,-0.696711908236292
TRINITY_DN316644_c0_g1,-0.69161176106456
TRINITY_DN312700_c0_g1,-0.691464195028985
TRINITY_DN252877_c0_g1,-0.68889709611266
TRINITY_DN311471_c0_g1,-0.686330122440178
TRINITY_DN114085_c0_g1,-0.685657189412056
TRINITY_DN689772_c0_g1,-0.682593375337095
TRINITY_DN312046_c0_g1,-0.680565627348995
TRINITY_DN276048_c1_g1,-0.674571766181095
TRINITY_DN5933_c0_g1,-0.673513822466901
TRINITY_DN542378_c0_g1,-0.673513810855984
TRINITY_DN3241_c0_g1,-0.673513547563784
TRINITY_DN616041_c0_g1,-0.673513538582245
TRINITY_DN274732_c0_g1,-0.669191901276064
TRINITY_DN298233_c0_g2,-0.668113855446791
TRINITY_DN311719_c0_g1,-0.667493995861144
TRINITY_DN293810_c0_g1,-0.665600912466753
TRINITY_DN344030_c0_g1,-0.656179694385816
TRINITY_DN254296_c0_g1,-0.650818054905614
TRINITY_DN106714_c0_g1,-0.640739096644463
TRINITY_DN311739_c0_g1,-0.63663784367316
TRINITY_DN317296_c6_g2,-0.636440797986843
TRINITY_DN294146_c2_g5,-0.634422141554403
TRINITY_DN312007_c0_g1,-0.633241326524141
TRINITY_DN256918_c0_g1,-0.633241311881793
TRINITY_DN311472_c0_g5,-0.61515938870873
TRINITY_DN295085_c1_g1,-0.613224000170018
TRINITY_DN324602_c0_g1,-0.612688016248075
TRINITY_DN252070_c0_g1,-0.610949719680318
TRINITY_DN151664_c0_g1,-0.608392631464041
TRINITY_DN256417_c0_g1,-0.606776124041191
TRINITY_DN1192_c0_g1,-0.601739781385219
TRINITY_DN312089_c0_g1,-0.601280357479163
TRINITY_DN222908_c0_g1,-0.598493728084919
TRINITY_DN312092_c0_g1,-0.597564176476778
TRINITY_DN226930_c0_g1,-0.596784556673315
TRINITY_DN293397_c0_g1,-0.595230472221549
TRINITY_DN312754_c4_g1,-0.589329385371749
TRINITY_DN251929_c0_g1,-0.58507275409415
TRINITY_DN46499_c0_g1,-0.58398932828999
TRINITY_DN316218_c1_g3,-0.583538440765143
TRINITY_DN310022_c0_g1,-0.582475700890701
TRINITY_DN296219_c2_g3,-0.581718378975805
TRINITY_DN278967_c0_g1,-0.579399317028084
TRINITY_DN231563_c0_g1,-0.575437533429712
TRINITY_DN271051_c0_g1,-0.572242984963421
TRINITY_DN316214_c5_g1,-0.572133832239567
TRINITY_DN27883_c0_g1,-0.570652967296057
TRINITY_DN276082_c0_g1,-0.570533510651583
TRINITY_DN238251_c0_g1,-0.570043171231698
TRINITY_DN312750_c0_g1,-0.5680561537901
TRINITY_DN292375_c0_g1,-0.565782056827556
TRINITY_DN311712_c0_g1,-0.552020108604205
TRINITY_DN252339_c0_g1,-0.547731488368259
TRINITY_DN173158_c0_g1,-0.546348705153939
TRINITY_DN312086_c6_g5,-0.546344267743677
TRINITY_DN25418_c0_g1,-0.540953670234754
TRINITY_DN277947_c0_g1,-0.53955875990342
TRINITY_DN314104_c3_g3,-0.528246258086243
TRINITY_DN310026_c1_g1,-0.527830767962502
TRINITY_DN311469_c0_g1,-0.526760530550008
TRINITY_DN316236_c1_g3,-0.519027685948339
TRINITY_DN238490_c0_g2,-0.517591381727744
TRINITY_DN5245_c0_g1,-0.517591380875371
TRINITY_DN1726_c0_g1,-0.51756913162844
TRINITY_DN298141_c0_g1,-0.514604912684048
TRINITY_DN481884_c0_g1,-0.514150447802951
TRINITY_DN274845_c0_g1,-0.511636551735063
TRINITY_DN226717_c0_g1,-0.510805444974436
TRINITY_DN296754_c3_g1,-0.500861916447332
TRINITY_DN66436_c0_g1,-0.494421894721492
TRINITY_DN231266_c0_g1,-0.494026284103071
TRINITY_DN35388_c0_g1,-0.493586311032417
TRINITY_DN310027_c3_g1,-0.492390046222962
TRINITY_DN278819_c0_g1,-0.486305933191973
TRINITY_DN256682_c0_g1,-0.484654488303448
TRINITY_DN311732_c0_g1,-0.480012789153415
TRINITY_DN274890_c0_g1,-0.478137275765742
TRINITY_DN312099_c0_g4,-0.473648304869026
TRINITY_DN316922_c2_g3,-0.471528132110566
TRINITY_DN294199_c0_g1,-0.468376755198883
TRINITY_DN314886_c0_g3,-0.466781278343707
TRINITY_DN296360_c0_g1,-0.464038685301308
TRINITY_DN296275_c0_g4,-0.454667338075138
TRINITY_DN277004_c0_g1,-0.453599440977543
TRINITY_DN256552_c0_g2,-0.453007729657775
TRINITY_DN277322_c0_g1,-0.452837752781103
TRINITY_DN299037_c9_g4,-0.45283774378852
TRINITY_DN485551_c0_g1,-0.451909689361631
TRINITY_DN44988_c0_g1,-0.442489884545334
TRINITY_DN311034_c2_g1,-0.440920180668263
TRINITY_DN276012_c0_g1,-0.440507785387239
TRINITY_DN102671_c0_g1,-0.439118624178515
TRINITY_DN317267_c0_g1,-0.436945154197299
TRINITY_DN311923_c2_g2,-0.436628813841047
TRINITY_DN312009_c0_g1,-0.432276560761857
TRINITY_DN227586_c0_g1,-0.431018440262979
TRINITY_DN294140_c3_g2,-0.430515093187975
TRINITY_DN293683_c0_g3,-0.429660019189666
TRINITY_DN298234_c0_g1,-0.427028450971866
TRINITY_DN238287_c0_g1,-0.426505015399007
TRINITY_DN68601_c0_g1,-0.421529816605099
TRINITY_DN312765_c0_g4,-0.420422919982614
TRINITY_DN254222_c0_g1,-0.419608612264439
TRINITY_DN276970_c0_g1,-0.417888568108423
TRINITY_DN619879_c0_g1,-0.415468410687978
TRINITY_DN663195_c0_g1,-0.414557273604303
TRINITY_DN116794_c0_g1,-0.413338970963637
TRINITY_DN4939_c0_g1,-0.413338970910114
TRINITY_DN294109_c0_g1,-0.412575280754158
TRINITY_DN4648_c0_g1,-0.411790541506306
TRINITY_DN252073_c0_g1,-0.411377311087459
TRINITY_DN299792_c4_g1,-0.41111877333721
TRINITY_DN664251_c0_g1,-0.408938140231141
TRINITY_DN312085_c0_g4,-0.402620361122465
TRINITY_DN277256_c0_g1,-0.401076280440537
TRINITY_DN256558_c1_g2,-0.400493289229567
TRINITY_DN299635_c6_g1,-0.39986794850948
TRINITY_DN312086_c6_g2,-0.397047666884972
TRINITY_DN299033_c0_g1,-0.395513038293381
TRINITY_DN257906_c0_g1,-0.395384181772049
TRINITY_DN6866_c0_g1,-0.395008855425868
TRINITY_DN111742_c0_g1,-0.394003353644483
TRINITY_DN172855_c0_g1,-0.390780131843277
TRINITY_DN316976_c2_g1,-0.390745150796904
TRINITY_DN1116_c0_g1,-0.389966477454922
TRINITY_DN296219_c2_g1,-0.388742924723524
TRINITY_DN277052_c0_g1,-0.387214834393173
TRINITY_DN46036_c0_g1,-0.383929536069437
TRINITY_DN317257_c4_g2,-0.38366414282728
TRINITY_DN311923_c3_g6,-0.383384758627001
TRINITY_DN316212_c1_g2,-0.382762168848574
TRINITY_DN316956_c2_g1,-0.378034923079104
TRINITY_DN316956_c2_g2,-0.377557155165469
TRINITY_DN298848_c1_g1,-0.377451642640812
TRINITY_DN259133_c0_g1,-0.367957270249794
TRINITY_DN46490_c0_g1,-0.362826915409685
TRINITY_DN311494_c0_g2,-0.358742477646314
TRINITY_DN316214_c2_g1,-0.357751656027758
TRINITY_DN256938_c1_g1,-0.353987061394497
TRINITY_DN299700_c1_g1,-0.348206320556927
TRINITY_DN299637_c0_g2,-0.347016223099534
TRINITY_DN299638_c0_g1,-0.345772425511673
TRINITY_DN292338_c3_g2,-0.345127017137064
TRINITY_DN293689_c0_g4,-0.342084006100143
TRINITY_DN316644_c2_g5,-0.341457727081479
TRINITY_DN222980_c0_g1,-0.339107394853828
TRINITY_DN299027_c0_g1,-0.337176649659723
TRINITY_DN2508_c0_g1,-0.334743658637009
TRINITY_DN277214_c0_g1,-0.334362804981208
TRINITY_DN274633_c1_g3,-0.333159895500057
TRINITY_DN293391_c0_g1,-0.331299936037734
TRINITY_DN226948_c0_g1,-0.321156304271925
TRINITY_DN293382_c2_g7,-0.318123010255024
TRINITY_DN173208_c0_g1,-0.313448208923845
TRINITY_DN299298_c0_g1,-0.312305651936288
TRINITY_DN210388_c0_g1,-0.311612950253589
TRINITY_DN317699_c0_g1,-0.309983349279582
TRINITY_DN314258_c3_g2,-0.30792001418072
TRINITY_DN274666_c0_g1,-0.306325457061193
TRINITY_DN317256_c1_g1,-0.303888993776816
TRINITY_DN105058_c0_g1,-0.303638189935634
TRINITY_DN274894_c0_g1,-0.303603085457363
TRINITY_DN610882_c0_g1,-0.303488265867363
TRINITY_DN259153_c0_g1,-0.302265800349015
TRINITY_DN292376_c0_g1,-0.300242166946032
TRINITY_DN173541_c0_g1,-0.298987463742942
TRINITY_DN311771_c0_g1,-0.297881497730743
TRINITY_DN294146_c2_g3,-0.295354932834182
TRINITY_DN296215_c0_g1,-0.293378018521052
TRINITY_DN316220_c0_g1,-0.290641086126625
TRINITY_DN238281_c0_g1,-0.289925252017564
TRINITY_DN294140_c1_g3,-0.284663175843151
TRINITY_DN311471_c1_g1,-0.2846497290322
TRINITY_DN2960_c0_g1,-0.283277736120096
TRINITY_DN299787_c0_g1,-0.280586364785794
TRINITY_DN311030_c0_g2,-0.279621593035919
TRINITY_DN311715_c0_g1,-0.279379017714622
TRINITY_DN293336_c0_g1,-0.275077972362897
TRINITY_DN312043_c7_g3,-0.272143836558511
TRINITY_DN316644_c2_g3,-0.271282563809432
TRINITY_DN312710_c0_g2,-0.270795905123617
TRINITY_DN251934_c0_g1,-0.268169216514861
TRINITY_DN45645_c0_g1,-0.267613052885031
TRINITY_DN314845_c0_g1,-0.266154830749352
TRINITY_DN312086_c0_g1,-0.263729216061602
TRINITY_DN274577_c0_g1,-0.263569446702715
TRINITY_DN293698_c3_g5,-0.263547325628355
TRINITY_DN317257_c4_g1,-0.26131188278736
TRINITY_DN626629_c0_g1,-0.261148487559233
TRINITY_DN277918_c0_g1,-0.259670536529319
TRINITY_DN316647_c2_g4,-0.258074167581056
TRINITY_DN296778_c0_g1,-0.257489846042004
TRINITY_DN316287_c1_g2,-0.256638020685006
TRINITY_DN312091_c0_g1,-0.255924061532893
TRINITY_DN311923_c2_g3,-0.254969029572435
TRINITY_DN312040_c1_g1,-0.251095263002737
TRINITY_DN311923_c3_g5,-0.247799408849497
TRINITY_DN298474_c6_g1,-0.246737026387893
TRINITY_DN228067_c0_g1,-0.246380835680134
TRINITY_DN231265_c0_g1,-0.243074980457275
TRINITY_DN316908_c2_g4,-0.241401776097869
TRINITY_DN22019_c0_g1,-0.239831659263008
TRINITY_DN6762_c0_g1,-0.239831651531274
TRINITY_DN294779_c1_g5,-0.236022125464606
TRINITY_DN296755_c2_g3,-0.235176310432646
TRINITY_DN316648_c0_g1,-0.234844385878606
TRINITY_DN294740_c0_g1,-0.232777573250506
TRINITY_DN226641_c0_g1,-0.226875730260057
TRINITY_DN292327_c0_g1,-0.226806051364265
TRINITY_DN238638_c0_g1,-0.224651812068599
TRINITY_DN314849_c0_g5,-0.214100313798581
TRINITY_DN314638_c0_g2,-0.213082299873611
TRINITY_DN316641_c0_g1,-0.211175402763809
TRINITY_DN312006_c1_g3,-0.210601328245392
TRINITY_DN314174_c0_g1,-0.209274875643884
TRINITY_DN104381_c0_g1,-0.208749031060198
TRINITY_DN222989_c0_g1,-0.208452116391455
TRINITY_DN311923_c3_g3,-0.208133460234364
TRINITY_DN292955_c3_g3,-0.206574534728609
TRINITY_DN256666_c0_g1,-0.204678321392383
TRINITY_DN276266_c0_g1,-0.202523839681821
TRINITY_DN6221_c0_g1,-0.202284890039269
TRINITY_DN294772_c1_g2,-0.197070803191557
TRINITY_DN271254_c0_g1,-0.194717079032742
TRINITY_DN102468_c0_g1,-0.192290165504312
TRINITY_DN276297_c0_g1,-0.190814111473721
TRINITY_DN316935_c1_g2,-0.189607963214701
TRINITY_DN295008_c6_g2,-0.18844803613083
TRINITY_DN316268_c0_g4,-0.188380717811512
TRINITY_DN314104_c3_g1,-0.18760227047101
TRINITY_DN311470_c0_g1,-0.187568784263887
TRINITY_DN274006_c0_g1,-0.187201810313324
TRINITY_DN312728_c0_g3,-0.186756362281051
TRINITY_DN252879_c0_g1,-0.184223642392043
TRINITY_DN316214_c4_g1,-0.178085523109975
TRINITY_DN316933_c1_g1,-0.177409640311475
TRINITY_DN276410_c0_g1,-0.17645740064371
TRINITY_DN312711_c1_g1,-0.174157129715528
TRINITY_DN292976_c0_g1,-0.171867511064737
TRINITY_DN293683_c0_g1,-0.170742926743476
TRINITY_DN25957_c0_g1,-0.169322352262452
TRINITY_DN292668_c0_g2,-0.166430812756108
TRINITY_DN310731_c3_g2,-0.166004456182927
TRINITY_DN251098_c0_g1,-0.163275246777331
TRINITY_DN316643_c0_g1,-0.160879203684173
TRINITY_DN317248_c3_g1,-0.160035406235895
TRINITY_DN316214_c4_g4,-0.158567030708542
TRINITY_DN310087_c0_g4,-0.1577037720948
TRINITY_DN251092_c0_g1,-0.153975123670688
TRINITY_DN314256_c2_g1,-0.153433842511086
TRINITY_DN649563_c0_g1,-0.15338058641127
TRINITY_DN310740_c2_g2,-0.151929226119802
TRINITY_DN311499_c1_g1,-0.151296869660621
TRINITY_DN311737_c0_g1,-0.150241062514404
TRINITY_DN233670_c0_g1,-0.148946295606797
TRINITY_DN299720_c0_g1,-0.148318428137661
TRINITY_DN316935_c0_g1,-0.148267257594865
TRINITY_DN310769_c0_g1,-0.147741388893079
TRINITY_DN271555_c0_g1,-0.144080221940078
TRINITY_DN226765_c0_g1,-0.144014525317007
TRINITY_DN226047_c0_g1,-0.143374309679692
TRINITY_DN294146_c2_g1,-0.141961889916318
TRINITY_DN276419_c0_g1,-0.139547585119248
TRINITY_DN314849_c0_g7,-0.139183819252723
TRINITY_DN2151_c0_g1,-0.136053324669069
TRINITY_DN314888_c1_g3,-0.135523989625818
TRINITY_DN314219_c0_g1,-0.129962967521616
TRINITY_DN317266_c4_g5,-0.129398738857105
TRINITY_DN298140_c0_g2,-0.12534600833334
TRINITY_DN324253_c0_g1,-0.125018611873067
TRINITY_DN296716_c1_g1,-0.124758030247589
TRINITY_DN292367_c0_g1,-0.124332488792885
TRINITY_DN10209_c0_g1,-0.122812945646598
TRINITY_DN106799_c0_g1,-0.121645976506866
TRINITY_DN594341_c0_g1,-0.121255135854886
TRINITY_DN292352_c0_g1,-0.119574123711479
TRINITY_DN231211_c0_g2,-0.114740165210124
TRINITY_DN231268_c0_g2,-0.112722546837979
TRINITY_DN173216_c0_g1,-0.111728652197668
TRINITY_DN298815_c0_g1,-0.111158546863326
TRINITY_DN278926_c0_g1,-0.106083663468171
TRINITY_DN314174_c1_g2,-0.10569600890482
TRINITY_DN314175_c0_g1,-0.10555494091294
TRINITY_DN314215_c0_g1,-0.101836591901469
TRINITY_DN293347_c0_g2,-0.101565234962061
TRINITY_DN227535_c0_g1,-0.101526590378898
TRINITY_DN375763_c0_g1,-0.0998876839790746
TRINITY_DN312712_c0_g1,-0.0984004962830178
TRINITY_DN211165_c0_g1,-0.0959997149480856
TRINITY_DN298837_c0_g1,-0.0934904954581277
TRINITY_DN298479_c0_g1,-0.092932562853657
TRINITY_DN34934_c0_g1,-0.0928334267906039
TRINITY_DN257930_c0_g1,-0.092674462307656
TRINITY_DN619773_c0_g1,-0.0908274055355354
TRINITY_DN104339_c0_g1,-0.0908274054523093
TRINITY_DN106984_c0_g1,-0.0908274038000625
TRINITY_DN3160_c0_g1,-0.0908274000540447
TRINITY_DN316216_c0_g2,-0.0890999760743801
TRINITY_DN316214_c4_g5,-0.0867599752466353
TRINITY_DN173562_c0_g1,-0.0867211783439949
TRINITY_DN316923_c1_g1,-0.0863888438649403
TRINITY_DN295217_c0_g1,-0.085226578145941
TRINITY_DN316644_c1_g1,-0.0837588424562953
TRINITY_DN238630_c0_g1,-0.0801877292299179
TRINITY_DN294140_c3_g1,-0.0799543855372002
TRINITY_DN316907_c0_g2,-0.0796890600953671
TRINITY_DN35981_c0_g2,-0.0782148050539028
TRINITY_DN352273_c0_g1,-0.0782148023289382
TRINITY_DN493748_c0_g1,-0.0782147974480093
TRINITY_DN310028_c0_g1,-0.0771404511900281
TRINITY_DN316908_c2_g2,-0.0766650474494777
TRINITY_DN316977_c6_g1,-0.0745150080216947
TRINITY_DN314216_c6_g3,-0.0741703792804835
TRINITY_DN314648_c0_g1,-0.0739955209930419
TRINITY_DN316216_c1_g3,-0.0730965115585466
TRINITY_DN296797_c0_g1,-0.072864590361898
TRINITY_DN102667_c0_g1,-0.0718863238516277
TRINITY_DN296213_c3_g1,-0.0712997702582375
TRINITY_DN173788_c0_g1,-0.065409727120788
TRINITY_DN296217_c5_g1,-0.0648283024826429
TRINITY_DN294103_c6_g4,-0.0637597773980263
TRINITY_DN312767_c0_g1,-0.0635667922118143
TRINITY_DN294186_c0_g1,-0.0629423381094077
TRINITY_DN310087_c0_g1,-0.0572526440417827
TRINITY_DN278317_c0_g1,-0.0548595717939318
TRINITY_DN316288_c0_g2,-0.0542974328352631
TRINITY_DN314270_c2_g2,-0.0523813741303887
TRINITY_DN594285_c0_g1,-0.0502495206242937
TRINITY_DN298233_c0_g1,-0.0502495123247433
TRINITY_DN294675_c1_g5,-0.049440211039953
TRINITY_DN316217_c1_g1,-0.0460545273569083
TRINITY_DN278316_c0_g1,-0.04595656803636
TRINITY_DN312086_c3_g1,-0.0402808524344304
TRINITY_DN312706_c3_g1,-0.0385322736951208
TRINITY_DN276026_c0_g1,-0.0370596109633038
TRINITY_DN312086_c5_g2,-0.0343526160880803
TRINITY_DN274803_c0_g1,-0.0333873762506017
TRINITY_DN271512_c0_g1,-0.0328950050419186
TRINITY_DN211130_c0_g1,-0.032589471062578
TRINITY_DN104226_c0_g1,-0.0325850565793751
TRINITY_DN276919_c0_g1,-0.0309026704789061
TRINITY_DN294146_c0_g1,-0.0304724398538694
TRINITY_DN643054_c0_g1,-0.0284611213186273
TRINITY_DN316920_c3_g2,-0.0260401028809549
TRINITY_DN175466_c0_g1,-0.0241755606931113
TRINITY_DN526798_c0_g1,-0.0228744440318094
TRINITY_DN22610_c0_g1,-0.0216093344578032
TRINITY_DN31079_c0_g1,-0.0192676927465222
TRINITY_DN296269_c1_g1,-0.0183449127069727
TRINITY_DN317248_c3_g2,-0.0177613010587492
TRINITY_DN371701_c0_g1,-0.017195371203684
TRINITY_DN271272_c0_g1,-0.015079177008534
TRINITY_DN278907_c0_g2,-0.0141409729973306
TRINITY_DN311776_c0_g1,-0.0140916272370985
TRINITY_DN35997_c0_g1,-0.0116416914195223
TRINITY_DN314888_c0_g1,-0.00929098717853349
TRINITY_DN223612_c0_g1,-0.00876009769294607
TRINITY_DN294146_c2_g4,-0.00856011665850678
TRINITY_DN276602_c0_g1,-0.00604423328006669
TRINITY_DN316954_c4_g2,-0.00543830665951386
TRINITY_DN5239_c0_g1,-0.00424858177015734
TRINITY_DN311739_c0_g2,-0.00399986126595531
TRINITY_DN4840_c0_g1,-0.00150238456278455
TRINITY_DN312043_c5_g1,-0.000972016791741951
TRINITY_DN3355_c0_g1,-0.000554788643674727
TRINITY_DN29676_c0_g1,-0.000552932221354542
TRINITY_DN496207_c0_g1,-0.000552533369464012
TRINITY_DN67090_c0_g1,-0.000549791239094479
TRINITY_DN106004_c0_g1,-0.000534938528456072
TRINITY_DN542348_c0_g1,-0.000533556962817943
TRINITY_DN311472_c0_g4,-0.000525240306165417
TRINITY_DN256685_c0_g1,-0.000523077324237443
TRINITY_DN649549_c0_g1,-0.000517811099928676
TRINITY_DN311035_c5_g2,-0.000509743677882158
TRINITY_DN299037_c3_g1,-0.000507071414793774
TRINITY_DN314633_c5_g10,-0.000507016078934185
TRINITY_DN254047_c2_g1,-0.000506433000298786
TRINITY_DN663111_c0_g1,-0.000496513289836506
TRINITY_DN277257_c0_g1,-0.000495404016980455
TRINITY_DN102014_c0_g1,-0.000494264585353013
TRINITY_DN27458_c0_g1,-0.0004895326975543
TRINITY_DN523716_c0_g1,-0.000484704101211952
TRINITY_DN10241_c0_g1,-0.000482286584290224
TRINITY_DN1540_c0_g1,-0.000482286504509765
TRINITY_DN104622_c0_g1,-0.000480215136376982
TRINITY_DN626214_c0_g1,-0.000480215135787726
TRINITY_DN38073_c0_g1,-0.000477706100179228
TRINITY_DN4011_c0_g1,-0.000475937762793225
TRINITY_DN317251_c2_g1,-0.000469849615400376
TRINITY_DN38076_c0_g1,-0.000469849614195773
TRINITY_DN278810_c0_g1,-0.000461456766044017
TRINITY_DN380770_c0_g1,-0.000458525734671315
TRINITY_DN318565_c0_g1,-0.000458525731586923
TRINITY_DN11020_c0_g1,-0.000458525729736109
TRINITY_DN274734_c0_g1,-0.000457884337423172
TRINITY_DN375621_c0_g1,-0.000452531676737697
TRINITY_DN340674_c0_g1,-0.000451684802555457
TRINITY_DN22673_c0_g1,-0.000451684800676555
TRINITY_DN256440_c0_g1,-0.000449153506896132
TRINITY_DN107_c0_g1,-0.000445534348913883
TRINITY_DN231596_c0_g1,-0.000443092341281251
TRINITY_DN684698_c0_g1,-0.000440978410094423
TRINITY_DN173988_c0_g1,-0.000439400405710456
TRINITY_DN255930_c0_g1,-0.000438346393104826
TRINITY_DN40121_c0_g1,-0.000438135461276187
TRINITY_DN13606_c0_g1,-0.000437301174327398
TRINITY_DN312095_c0_g1,-0.000436126541730065
TRINITY_DN254116_c2_g1,-0.000433451186105096
TRINITY_DN674850_c0_g1,-0.000433340357375748
TRINITY_DN312082_c2_g2,-0.000422278284581118
TRINITY_DN299202_c0_g1,-0.000419932741538896
TRINITY_DN311071_c2_g1,-0.000417250160319338
TRINITY_DN6305_c0_g1,-0.000417250160319338
TRINITY_DN620746_c0_g1,-0.000411500170221803
TRINITY_DN176990_c0_g1,-0.000411500170221803
TRINITY_DN4990_c0_g2,-0.000411500170221803
TRINITY_DN656639_c0_g1,-0.000411500170221803
TRINITY_DN371127_c0_g1,-0.000409813747249744
TRINITY_DN484524_c0_g1,-0.000409036468333303
TRINITY_DN316976_c0_g1,-0.000409036462801131
TRINITY_DN656669_c0_g1,-0.000409036462801131
TRINITY_DN372992_c0_g1,-0.000406715480635301
TRINITY_DN175456_c0_g1,-0.000395123906296317
TRINITY_DN111549_c0_g1,-0.000395123905132898
TRINITY_DN49651_c0_g1,-0.000390923306967059
TRINITY_DN11554_c0_g1,-0.000389622526509706
TRINITY_DN375607_c0_g1,-0.000389622525057191
TRINITY_DN118_c0_g1,-0.000389622522879306
TRINITY_DN317246_c8_g1,-0.000389065005136483
TRINITY_DN384258_c0_g1,-0.00038709211038887
TRINITY_DN687972_c0_g1,-0.000385585545594841
TRINITY_DN31625_c0_g1,-0.000385273092561503
TRINITY_DN45737_c0_g1,-0.00038527309109289
TRINITY_DN314884_c0_g7,-0.00038527307714256
TRINITY_DN612346_c0_g1,-0.000384760960801979
TRINITY_DN292367_c0_g2,-0.000384701022815397
TRINITY_DN591554_c0_g1,-0.000384682850006849
TRINITY_DN256418_c0_g1,-0.000381850256874688
TRINITY_DN6669_c0_g1,-0.000380886550159438
TRINITY_DN340187_c0_g1,-0.000377703589348007
TRINITY_DN67052_c0_g1,-0.000376236824419585
TRINITY_DN293395_c0_g1,-0.000373710555408719
TRINITY_DN5236_c0_g1,-0.000373275444072982
TRINITY_DN298235_c3_g1,-0.000372006713135815
TRINITY_DN61605_c0_g1,-0.000369531399807368
TRINITY_DN59151_c0_g1,-0.000366037655913722
TRINITY_DN461683_c0_g1,-0.0003654967036803
TRINITY_DN2784_c0_g1,-0.000365291174234836
TRINITY_DN238270_c0_g1,-0.000364440279084907
TRINITY_DN259155_c0_g1,-0.000362038976222018
TRINITY_DN485632_c0_g1,-0.000359165186813379
TRINITY_DN312006_c6_g1,-0.000357952873612422
TRINITY_DN55393_c0_g1,-0.000357952873612422
TRINITY_DN271514_c0_g1,-0.00035653488835632
TRINITY_DN4434_c0_g1,-0.000355220554743565
TRINITY_DN4402_c0_g1,-0.000355220552354738
TRINITY_DN664046_c0_g1,-0.000355220550762113
TRINITY_DN29825_c0_g1,-0.000355220550762113
TRINITY_DN670225_c0_g1,-0.000355220550762113
TRINITY_DN384729_c0_g1,-0.000349320302118081
TRINITY_DN668785_c0_g1,-0.000349320302118081
TRINITY_DN464932_c0_g1,-0.000348679682472808
TRINITY_DN492033_c0_g1,-0.000348679682472808
TRINITY_DN627211_c0_g1,-0.000348679682472808
TRINITY_DN460292_c0_g1,-0.000348679682472808
TRINITY_DN116761_c0_g1,-0.000348679680039016
TRINITY_DN116769_c0_g1,-0.000347412327382697
TRINITY_DN277229_c0_g1,-0.000347412327382697
TRINITY_DN35972_c0_g1,-0.000347412327382697
TRINITY_DN151682_c0_g1,-0.000344770681273665
TRINITY_DN544011_c0_g1,-0.000342699745843539
TRINITY_DN455038_c0_g1,-0.000342699745534458
TRINITY_DN110297_c0_g1,-0.000341189289573565
TRINITY_DN463390_c0_g1,-0.00033807353878236
TRINITY_DN1144_c0_g1,-0.000337660160411201
TRINITY_DN393_c0_g1,-0.000335845868771873
TRINITY_DN296705_c1_g1,-0.000335845867929597
TRINITY_DN3515_c0_g1,-0.000335845867929597
TRINITY_DN371473_c0_g1,-0.000335845867929597
TRINITY_DN3534_c0_g1,-0.000335845867929597
TRINITY_DN299785_c1_g7,-0.000335049691964835
TRINITY_DN293683_c0_g2,-0.000334921325901317
TRINITY_DN276588_c0_g1,-0.000331091216029045
TRINITY_DN234972_c0_g1,-0.00032876944246893
TRINITY_DN255850_c0_g1,-0.000327812105277553
TRINITY_DN317266_c4_g4,-0.000325973766845923
TRINITY_DN106983_c0_g1,-0.000325973765978556
TRINITY_DN68795_c0_g1,-0.000325973765978556
TRINITY_DN227741_c0_g1,-0.000322540457096189
TRINITY_DN22018_c0_g1,-0.000322397606700876
TRINITY_DN294675_c0_g1,-0.000322397606700876
TRINITY_DN3754_c0_g1,-0.000322397606700876
TRINITY_DN544622_c0_g1,-0.000322397606700876
TRINITY_DN312006_c1_g6,-0.000322397604069021
TRINITY_DN278993_c0_g1,-0.000321073779240761
TRINITY_DN231560_c0_g1,-0.000320870483423017
TRINITY_DN231200_c0_g1,-0.000315868903402948
TRINITY_DN668489_c0_g1,-0.000315818598376966
TRINITY_DN298605_c2_g1,-0.000313945704229872
TRINITY_DN341_c0_g1,-0.000312830920412384
TRINITY_DN226612_c0_g1,-0.000312703836877974
TRINITY_DN312006_c1_g8,-0.000306103035712367
TRINITY_DN455683_c0_g1,-0.00030218348688422
TRINITY_DN29864_c0_g1,-0.000302026134076334
TRINITY_DN231540_c0_g2,-0.000302026132203821
TRINITY_DN312732_c0_g2,-0.000295630724352637
TRINITY_DN222992_c0_g1,-0.000293042486953807
TRINITY_DN23415_c0_g1,-0.000292121940332625
TRINITY_DN299785_c3_g1,-0.000292121938396052
TRINITY_DN344645_c0_g1,-0.000287933191031962
TRINITY_DN312006_c1_g7,-0.000282022666232861
